date,min,max,pm25,q1,q3,stdev,count
2020-02-05T00:00:00.000Z,2.49,4.61,3.14,2.88,3.4,0.418,59
2020-02-06T00:00:00.000Z,3.7,7.88,5.68,5.03,6.93,1.073,114
2020-02-08T00:00:00.000Z,5.56,13.4,7.48,6.44,9.35,2.163,62
2020-02-09T00:00:00.000Z,1.38,9.46,3.06,2.11,4.2,1.718,186
2020-02-10T00:00:00.000Z,0.5,4.5,1.4,1.12,2.12,0.89,234
2020-02-15T00:00:00.000Z,3.58,7.56,4.67,4.22,5.59,1.2,49
2020-02-16T00:00:00.000Z,0.2,17.27,1.85,1.55,2.17,1.157,374
2020-02-17T00:00:00.000Z,0.05,2.82,1.15,0.36,1.5,0.585,216
2020-03-14T00:00:00.000Z,1.28,8.74,2.11,1.76,6.18,2.37,316
2020-03-15T00:00:00.000Z,1.8,6.75,4.3,2.85,5.68,1.446,212
2020-03-16T00:00:00.000Z,1.65,8.7,5.48,2.85,6.2,1.728,239
2020-04-05T00:00:00.000Z,5.87,7.25,6.48,6.24,6.68,0.33,62
2020-04-06T00:00:00.000Z,5.76,15.88,8.14,6.86,9.91,2.102,517
2020-04-07T00:00:00.000Z,1.73,16.66,3,2.47,10.95,4.593,348
2020-04-08T00:00:00.000Z,2.4,11.08,6.68,6.2,7.38,1.419,141
2020-04-26T00:00:00.000Z,3.05,4.54,3.91,3.65,4.15,0.374,25
2020-04-27T00:00:00.000Z,1.1,7.8,2.75,1.66,4.03,1.32,371
2020-06-03T00:00:00.000Z,0.6,2.92,1.12,0.93,1.4,0.414,71
2020-06-04T00:00:00.000Z,0.8,9.48,1.77,1.35,3,1.817,518
2020-06-05T00:00:00.000Z,3.35,15.4,8.38,5.82,11.18,3.011,139
2020-10-04T00:00:00.000Z,0.1,5.18,1.2,0.56,2.25,0.991,157
2020-10-05T00:00:00.000Z,0.68,3.47,1.66,1.3,2.02,0.559,240
2020-12-10T00:00:00.000Z,9.44,14.2,12.32,11.56,12.98,1.034,49
2020-12-11T00:00:00.000Z,10.32,27.85,14.95,12.98,19.67,4.446,315
2020-12-12T00:00:00.000Z,12.13,31.83,25.22,19.1,27.02,4.873,318
2020-12-13T00:00:00.000Z,18.25,39.1,22.95,21.67,26.98,3.165,285
2020-12-14T00:00:00.000Z,6.1,14.52,8.4,7.3,9.8,1.671,194
2020-12-15T00:00:00.000Z,7.63,13.3,10.06,9.13,11.14,1.251,304
2020-12-16T00:00:00.000Z,7.1,19.13,11.92,10.57,13.39,2.321,308
2020-12-17T00:00:00.000Z,6.57,14.02,10,8.5,11.13,1.635,279
2020-12-18T00:00:00.000Z,4.8,14.27,9.57,7.6,11.06,2.155,309
2020-12-19T00:00:00.000Z,5.6,19.1,9.73,8.35,10.48,1.682,283
2020-12-20T00:00:00.000Z,4.97,14.88,8.84,6.68,10.9,2.478,306
2020-12-21T00:00:00.000Z,4.5,22.75,8.02,7.02,8.78,1.73,297
2020-12-22T00:00:00.000Z,0.4,65.75,1.67,1.13,8.23,5.525,284
2020-12-23T00:00:00.000Z,0.88,12.98,2.4,1.7,6.39,2.816,309
2020-12-24T00:00:00.000Z,0.3,7.3,1.5,0.98,2.83,1.329,282
2020-12-25T00:00:00.000Z,0.32,3.88,1.1,0.74,1.8,0.744,309
2020-12-26T00:00:00.000Z,0.55,8.48,5.5,1.8,6.63,2.332,294
2020-12-27T00:00:00.000Z,0.9,6.03,2.45,1.92,3.22,0.973,307
2020-12-28T00:00:00.000Z,2.1,12.6,4.18,3.45,6.72,2.579,294
2020-12-29T00:00:00.000Z,1.95,14.98,5.77,4.63,12.43,4.199,286
2020-12-30T00:00:00.000Z,2.13,6.25,3.5,2.95,4.5,0.98,290
2020-12-31T00:00:00.000Z,2.5,52.83,5.13,4.05,8.02,5.847,307
2021-01-01T00:00:00.000Z,5.4,42.33,13.01,10.43,15.73,7.198,298
2021-01-02T00:00:00.000Z,2.58,14.4,9.18,8.18,10.68,2.249,270
2021-01-03T00:00:00.000Z,2.52,14.1,4.82,3.92,6.6,2.598,268
2021-01-04T00:00:00.000Z,2.47,14.5,7.37,4.78,10.19,3.243,254
2021-01-05T00:00:00.000Z,3.58,15.85,10.52,8.25,11.5,2.965,268
2021-01-06T00:00:00.000Z,0.3,5.45,1.52,1.08,2.47,1.026,257
2021-01-07T00:00:00.000Z,2.47,10.7,4.45,3.42,5.35,1.558,275
2021-01-08T00:00:00.000Z,1.67,15.65,10.8,5.01,12.27,4.117,292
2021-01-09T00:00:00.000Z,2.7,10.7,5.87,4.9,6.75,1.444,164
2021-01-10T00:00:00.000Z,10.48,17.07,13.95,12.15,14.8,1.664,78
2021-01-11T00:00:00.000Z,3.67,12.48,5.99,5.03,8.07,1.906,258
2021-01-12T00:00:00.000Z,0.82,13.35,4.9,2.7,7.38,3.541,274
2021-01-13T00:00:00.000Z,0.6,2.9,1.5,1.25,1.8,0.409,262
2021-01-14T00:00:00.000Z,0.3,7.38,4.63,3.32,5.22,1.658,257
2021-01-15T00:00:00.000Z,0.93,6.13,3.8,1.95,4.3,1.264,277
2021-01-16T00:00:00.000Z,1.48,5.95,2.97,2.33,3.92,1.069,267
2021-01-17T00:00:00.000Z,2.58,7.78,4.05,3.53,5.37,1.279,152
2021-02-11T00:00:00.000Z,2.13,6.8,2.99,2.44,3.95,1.168,20
2021-02-12T00:00:00.000Z,0.5,4.38,2.08,1.58,2.75,0.84,268
2021-02-13T00:00:00.000Z,1.3,4.34,2.9,2.4,3.38,0.674,79
2021-07-03T00:00:00.000Z,2.25,4.88,3.11,2.71,3.65,0.629,112
2021-07-04T00:00:00.000Z,1.9,8.13,3.58,3.07,4.34,0.922,316
2021-07-05T00:00:00.000Z,0.4,13.8,3.7,1.9,7.5,3.124,262
2021-07-06T00:00:00.000Z,0.38,3.47,1.2,0.85,2.02,0.726,295
2021-07-07T00:00:00.000Z,0.6,26.33,1.65,1.1,2.33,1.702,263
2021-07-08T00:00:00.000Z,1.3,10.35,3,2.24,5.2,1.588,285
2021-07-09T00:00:00.000Z,0.7,14.98,3.03,1.45,6.79,3.079,324
2021-07-10T00:00:00.000Z,1.4,11.43,3.75,3.01,6.28,2.116,328
2021-07-11T00:00:00.000Z,1.4,8,2.9,1.98,4.18,1.875,358
2021-07-12T00:00:00.000Z,3.28,11.68,5.7,5.13,7.2,2.219,259
2021-07-13T00:00:00.000Z,1.5,16.13,5.35,3.03,7.82,3.065,239
2021-07-14T00:00:00.000Z,1.42,19.23,6.55,3.33,12.73,5.647,254
2021-07-15T00:00:00.000Z,0.85,9.98,3.53,1.6,5.92,2.542,309
2021-07-16T00:00:00.000Z,3.28,17.95,7.9,4.8,8.99,2.745,260
2021-07-17T00:00:00.000Z,1.7,11.68,7.47,5.88,8.43,2.457,325
2021-07-18T00:00:00.000Z,0.9,3.7,1.65,1.3,2.14,0.559,272
2021-07-19T00:00:00.000Z,1.9,6.88,3.47,3.03,3.9,0.723,247
2021-07-20T00:00:00.000Z,1.1,13.43,2.35,1.92,2.95,1.012,262
2021-07-21T00:00:00.000Z,1.7,10.5,4.25,3.28,5.22,1.306,292
2021-07-22T00:00:00.000Z,4,9.07,5.9,5.32,6.68,1.043,243
2021-07-23T00:00:00.000Z,3.8,10.85,5.78,5.13,8.02,1.781,292
2021-07-24T00:00:00.000Z,5.25,10.95,7.57,7.07,8.25,1.069,291
2021-07-25T00:00:00.000Z,5,33.63,8.88,8.13,20.42,8.486,317
2021-07-26T00:00:00.000Z,2.2,34.75,4.65,3.4,24.1,10.324,327
2021-07-27T00:00:00.000Z,1.35,7.3,3.47,2.29,5.55,1.675,337
2021-07-28T00:00:00.000Z,1.6,6.9,3.2,2.52,4.59,1.222,348
2021-07-29T00:00:00.000Z,1,4.5,1.89,1.55,3.3,0.924,300
2021-07-30T00:00:00.000Z,1.23,6.47,2.13,1.9,2.85,0.855,246
2021-07-31T00:00:00.000Z,0.5,4.55,1.19,0.88,1.77,0.844,264
2021-08-01T00:00:00.000Z,1.2,5.85,1.95,1.7,2.38,0.713,256
2021-08-02T00:00:00.000Z,0.56,3.67,1.33,1.02,1.7,0.554,246
2021-08-03T00:00:00.000Z,0.63,3.2,1.73,1.38,2,0.475,255
2021-08-04T00:00:00.000Z,1.45,5.43,2.42,2.08,2.97,0.705,223
2021-08-05T00:00:00.000Z,1.58,5.97,3.03,2.15,4.38,1.2,257
2021-08-06T00:00:00.000Z,1.27,16.02,4.22,2.37,6.07,2.368,316
2021-08-07T00:00:00.000Z,0.6,4.7,2.22,1.12,3.03,1.087,326
2021-08-08T00:00:00.000Z,0.43,5.78,1.4,1.05,1.8,0.667,290
2021-08-09T00:00:00.000Z,0.9,3.55,1.45,1.27,1.67,0.399,227
2021-08-10T00:00:00.000Z,0.98,4.59,2.42,1.9,3,0.732,301
2021-08-11T00:00:00.000Z,2.08,77.93,3.47,2.69,5.44,5.622,233
2021-08-12T00:00:00.000Z,1.45,8.44,5.78,2.17,6.64,2.24,285
2021-08-13T00:00:00.000Z,3.28,12.48,5.63,4.63,6.65,1.309,535
2021-08-14T00:00:00.000Z,2.02,5.95,3.44,2.92,4.15,0.774,442
2021-08-15T00:00:00.000Z,2.13,18.45,3.78,3.25,4.95,1.394,462
2021-08-16T00:00:00.000Z,0.68,5,2.47,1.99,3.13,0.791,521
2021-08-17T00:00:00.000Z,1.14,7.95,2.38,1.93,5.7,1.914,539
2021-08-18T00:00:00.000Z,0.9,7.28,1.77,1.45,5.09,1.969,462
2021-08-19T00:00:00.000Z,1.73,8.75,3.7,2.9,4.84,1.372,543
2021-08-20T00:00:00.000Z,1.45,12.2,3.83,2.88,4.9,1.786,517
2021-08-21T00:00:00.000Z,1.5,13.1,2.79,2.08,5.14,1.825,552
2021-08-22T00:00:00.000Z,1.3,24.88,4.13,2.42,6.5,4.338,510
2021-08-23T00:00:00.000Z,0.82,25.88,2,1.65,3.7,5.936,552
2021-08-24T00:00:00.000Z,0.9,3.63,2.08,1.5,2.54,0.614,504
2021-08-25T00:00:00.000Z,0.95,8.27,2.4,2,3.1,0.971,527
2021-08-26T00:00:00.000Z,0.17,5.68,1.1,0.6,1.77,1.053,389
2021-08-27T00:00:00.000Z,0.1,7.4,1.42,0.73,1.92,0.91,418
2021-08-28T00:00:00.000Z,0.95,6.88,4.13,2.75,5,1.421,375
2021-08-29T00:00:00.000Z,0.43,11.13,2.13,1.5,2.7,0.892,401
2021-08-30T00:00:00.000Z,1.55,16.27,4.53,3.2,5.32,1.749,528
2021-08-31T00:00:00.000Z,2.38,7.13,4.57,3.65,5.4,1.107,538
2021-09-01T00:00:00.000Z,3.65,8.5,5.78,4.95,6.43,0.972,526
2021-09-02T00:00:00.000Z,3.7,13.32,5.82,4.88,7.2,2.364,515
2021-09-03T00:00:00.000Z,3.85,16.82,9.85,5.88,12.48,3.624,551
2021-09-04T00:00:00.000Z,4.15,18.77,9.77,7.18,14.2,3.837,549
2021-09-05T00:00:00.000Z,1.73,16.73,5.75,4.03,9.98,3.724,467
2021-09-06T00:00:00.000Z,2.15,10.95,5.22,3.15,7.69,2.519,485
2021-09-07T00:00:00.000Z,4.47,15.45,7.68,5.6,10.95,2.693,455
2021-09-08T00:00:00.000Z,4.43,14.15,10.06,6.5,11.5,2.684,582
2021-09-09T00:00:00.000Z,3.65,13.3,5.72,4.45,7.15,2.481,499
2021-09-10T00:00:00.000Z,3.2,19.02,8.44,6.77,10.76,3.518,568
2021-09-11T00:00:00.000Z,2.88,22.85,13.09,6.97,17.45,5.776,578
2021-09-12T00:00:00.000Z,3.1,18.98,8.05,6.1,13.63,4.565,575
2021-09-13T00:00:00.000Z,0.7,8.75,2.54,1.6,3.83,2.108,568
2021-09-14T00:00:00.000Z,1,6.9,3.5,2.29,4.34,1.212,582
2021-09-15T00:00:00.000Z,4.15,17.57,10,6.79,12.61,3.63,565
2021-09-16T00:00:00.000Z,0.35,20.65,2.02,1.2,10.09,5.491,569
2021-09-17T00:00:00.000Z,0.13,2.7,0.77,0.5,1.1,0.446,566
2021-09-18T00:00:00.000Z,0.2,8.32,2.52,1.4,3.47,1.445,565
2021-09-19T00:00:00.000Z,1.33,4.34,2.22,1.9,2.9,0.619,569
2021-09-20T00:00:00.000Z,1.2,6.45,2.5,2.08,3.1,0.714,568
2021-09-21T00:00:00.000Z,1.85,7.18,3.6,2.7,4.3,1.208,572
2021-09-22T00:00:00.000Z,1.77,12.05,4.32,3.3,5.8,1.69,573
2021-09-23T00:00:00.000Z,1.1,23.38,4.38,2.21,13.48,6.665,572
2021-09-24T00:00:00.000Z,0.9,13,3.15,2.45,4.43,3.032,561
2021-09-25T00:00:00.000Z,3.35,21.27,8.35,6.77,11.75,3.914,569
2021-09-26T00:00:00.000Z,2.33,23.15,4.95,3.5,11.82,5.172,562
2021-09-27T00:00:00.000Z,4.72,17.02,6.45,5.82,11.92,3.313,504
2021-09-28T00:00:00.000Z,1.05,18.85,3.25,1.85,5.45,4.618,554
2021-09-29T00:00:00.000Z,0.73,28.92,12.41,5.23,17.23,7.32,548
2021-09-30T00:00:00.000Z,0.55,114.9,1.25,1,1.92,6.084,564
2021-10-01T00:00:00.000Z,0.38,3.85,2.02,1.12,2.5,0.799,545
2021-10-02T00:00:00.000Z,0.98,9.52,2.99,2.17,4,1.697,558
2021-10-03T00:00:00.000Z,4.22,11.85,7.35,5.69,8.3,1.679,557
2021-10-04T00:00:00.000Z,0.35,11.07,2.25,1.05,3.95,2.173,565
2021-10-05T00:00:00.000Z,0.9,23.3,7.07,2.5,11.13,5.954,583
2021-10-06T00:00:00.000Z,0.5,9,4.04,1.2,5.43,2.271,574
2021-10-07T00:00:00.000Z,0.68,11.55,5.47,2.33,6.39,2.472,561
2021-10-08T00:00:00.000Z,5.13,29.35,7.82,7,17.14,6.833,572
2021-10-09T00:00:00.000Z,2.08,12.7,7.82,4.05,9,2.691,560
2021-10-10T00:00:00.000Z,3.13,15.32,9.88,6.57,11.5,3.105,572
2021-10-11T00:00:00.000Z,1.08,18.45,6.6,2.97,11.48,4.882,573
2021-10-12T00:00:00.000Z,0.2,3.7,1.42,1,1.88,0.657,576
2021-10-13T00:00:00.000Z,0.55,4.9,2.08,1.38,2.65,0.869,571
2021-10-14T00:00:00.000Z,1.02,288.92,5.18,3.29,7.38,16.546,565
2021-10-15T00:00:00.000Z,0.63,16.02,2.88,1.95,6.46,3.303,565
2021-10-16T00:00:00.000Z,0.7,5.78,2.29,1.83,2.8,0.703,572
2021-10-17T00:00:00.000Z,1.6,8.93,3,2.47,5.72,1.77,579
2021-10-18T00:00:00.000Z,0.9,7.95,4.22,2.42,5.64,1.787,549
2021-10-19T00:00:00.000Z,2.2,15,6.13,3.42,11.43,3.957,587
2021-10-20T00:00:00.000Z,1.98,8.43,3.38,2.75,4.2,1.487,559
2021-10-21T00:00:00.000Z,0.1,3.5,1.08,0.8,1.58,0.695,568
2021-10-22T00:00:00.000Z,0.52,4.97,1.5,1.2,1.8,0.462,563
2021-10-23T00:00:00.000Z,0.8,16.05,1.88,1.5,3.95,3.189,571
2021-10-24T00:00:00.000Z,0.8,9.88,4.63,2.88,5.25,1.766,561
2021-10-25T00:00:00.000Z,2.7,14.7,5.09,4.15,8.13,2.949,570
2021-10-26T00:00:00.000Z,3.4,17.73,8.63,6.54,9.85,2.161,561
2021-10-27T00:00:00.000Z,1.63,12.6,3.3,2.75,4,1.04,544
2021-10-28T00:00:00.000Z,2.92,15.45,7.42,5.69,9.65,2.495,540
2021-10-29T00:00:00.000Z,10.02,25.33,18.97,14.75,21.09,3.752,560
2021-10-30T00:00:00.000Z,7.78,25.9,15.7,11.07,18.88,4.573,570
2021-10-31T00:00:00.000Z,7.3,16.75,12.37,11.18,13.93,2.069,558
2021-11-01T00:00:00.000Z,1.6,18.32,11.45,3.08,14.67,5.722,536
2021-11-02T00:00:00.000Z,2.83,18.2,8.73,5.7,12.68,3.916,511
2021-11-03T00:00:00.000Z,2.38,11.82,6.53,4.75,7.35,1.741,539
2021-11-04T00:00:00.000Z,0.88,29.6,7.6,2.95,21.5,9.868,567
2021-11-05T00:00:00.000Z,0.7,14.13,4.78,3.5,6.15,2.68,565
2021-11-06T00:00:00.000Z,1.83,7.4,3.83,2.9,4.7,1.081,557
2021-11-07T00:00:00.000Z,0.7,5.88,2.72,2.1,3.9,1.148,539
2021-11-08T00:00:00.000Z,1.17,6.65,2.25,1.9,2.8,1.132,464
2021-11-09T00:00:00.000Z,1.2,17.77,6.74,5.13,8.01,2.274,548
2021-11-10T00:00:00.000Z,6.4,20.83,10.05,9.02,13.04,3.25,549
2021-11-11T00:00:00.000Z,3.95,19.77,14.3,10.82,15.62,3.46,520
2021-11-12T00:00:00.000Z,4.15,27.8,17.67,10.48,21.55,6.185,503
2021-11-13T00:00:00.000Z,6.1,28.2,17.3,13.3,21.15,5.054,562
2021-11-14T00:00:00.000Z,12.15,34.08,25.67,17.29,29.29,6.377,552
2021-11-15T00:00:00.000Z,13.4,28.08,20.02,17.45,24.7,3.957,531
2021-11-16T00:00:00.000Z,17.07,30.67,25.55,23.5,27,2.544,534
2021-11-17T00:00:00.000Z,3.5,19.52,7.55,5.71,9.69,2.851,404
2021-11-18T00:00:00.000Z,3.9,11.2,6.31,5.4,8.18,1.672,514
2021-11-19T00:00:00.000Z,2.52,12.13,6.02,3.92,8.63,2.553,478
2021-11-20T00:00:00.000Z,1.4,20.3,5,2.78,8.4,4.545,499
2021-11-21T00:00:00.000Z,1.38,15.48,9.02,3.95,11.63,3.916,544
2021-11-22T00:00:00.000Z,0.2,6.95,1.26,0.8,2.63,1.194,544
2021-11-23T00:00:00.000Z,2.88,13.8,7.32,6.52,8.61,2.117,556
2021-11-24T00:00:00.000Z,2.1,18.32,7.21,5.85,9.18,2.834,552
2021-11-25T00:00:00.000Z,2.7,19.42,14,10.92,16.01,3.943,557
2021-11-26T00:00:00.000Z,3.33,22.52,7.04,5.55,8.68,2.015,562
2021-11-27T00:00:00.000Z,4.57,20.92,10.79,7.06,14.5,4,540
2021-11-28T00:00:00.000Z,6.05,23.5,11.56,9.97,14.85,3.32,552
2021-11-29T00:00:00.000Z,3.42,18.57,10.57,6.04,14.47,4.478,549
2021-11-30T00:00:00.000Z,0.5,11.93,2.65,1.5,6.49,3.105,537
2021-12-01T00:00:00.000Z,0.35,12.25,1.6,0.93,2.4,1.309,520
2021-12-02T00:00:00.000Z,0.1,3.65,0.8,0.55,1.55,0.687,532
2021-12-03T00:00:00.000Z,1.14,4.8,2.15,1.85,2.7,0.596,245
2021-12-04T00:00:00.000Z,4.3,12.93,6.97,6.18,8.24,1.566,529
2021-12-05T00:00:00.000Z,11.1,31.77,22.55,20.14,25.42,4.282,531
2021-12-06T00:00:00.000Z,6.65,22.42,12.48,11.15,18.73,4.21,557
2021-12-07T00:00:00.000Z,10.23,21.65,16.45,14.52,17.92,2.344,542
2021-12-08T00:00:00.000Z,12.23,22.17,16.8,15.93,18.1,1.775,531
2021-12-09T00:00:00.000Z,16.8,31.67,25.1,23.05,26.98,2.478,547
2021-12-10T00:00:00.000Z,14.65,35.78,28.48,22.92,31.08,5.164,523
2021-12-11T00:00:00.000Z,9.44,21.02,15.79,13.64,17.6,2.518,552
2021-12-12T00:00:00.000Z,8.6,20.67,14.52,11.05,16.86,3.167,485
2021-12-13T00:00:00.000Z,5.4,22.15,12.02,10.19,14,2.87,463
2021-12-14T00:00:00.000Z,6.55,21.48,11.63,8.73,16.35,4.171,490
2021-12-15T00:00:00.000Z,6.7,23.02,12.27,9.4,15.2,3.933,519
2021-12-16T00:00:00.000Z,2.02,17.5,7.82,4.72,9.48,3.668,535
2021-12-17T00:00:00.000Z,1.12,8.48,4,2.83,5.67,1.701,541
2021-12-18T00:00:00.000Z,0.82,9.25,2.58,2.06,3.7,1.18,525
2021-12-19T00:00:00.000Z,0.5,6.28,1.55,1.1,2.35,0.878,543
2021-12-20T00:00:00.000Z,0.47,12.7,1.63,1.17,2.87,1.257,512
2021-12-21T00:00:00.000Z,2.35,13.27,5.75,4.63,6.72,1.996,553
2021-12-22T00:00:00.000Z,1.98,21.83,10.16,6.97,14.55,4.378,534
2021-12-23T00:00:00.000Z,8.52,26.45,14.4,11.9,17.89,3.805,516
2021-12-24T00:00:00.000Z,0.15,22.77,2.88,1,7.72,7.144,540
2021-12-25T00:00:00.000Z,0.28,15.88,2.04,1.1,5.07,3.698,526
2021-12-26T00:00:00.000Z,2.7,19.39,8.27,6.6,11.79,3.541,557
2021-12-27T00:00:00.000Z,12.82,26.55,17.95,16.89,19.42,2.238,561
2021-12-28T00:00:00.000Z,13.9,30.42,24.52,19.16,27.08,4.234,549
2021-12-29T00:00:00.000Z,7.88,24.17,12.4,11.02,14.9,3.658,559
2021-12-30T00:00:00.000Z,2.78,15.5,8.9,6.72,10.63,2.63,555
2021-12-31T00:00:00.000Z,0.85,117.2,3.92,1.87,5.4,13.826,553
2022-01-01T00:00:00.000Z,2.85,110.78,8.75,7.14,10.35,8.322,553
2022-01-02T00:00:00.000Z,1.88,13.25,3.28,2.83,3.85,0.786,562
2022-01-03T00:00:00.000Z,0.1,7.6,1.87,1.38,2.24,0.889,552
2022-01-04T00:00:00.000Z,0.82,7.63,2.6,1.73,3.58,1.361,561
2022-01-05T00:00:00.000Z,0.6,7.95,1.8,1.4,2.22,0.717,562
2022-01-06T00:00:00.000Z,0.3,6.82,1.4,0.95,3.5,1.65,575
2022-01-07T00:00:00.000Z,2.5,10.65,4.68,3.9,6.8,1.723,565
2022-01-08T00:00:00.000Z,4.07,16.05,7.03,6.2,7.88,1.24,528
2022-01-09T00:00:00.000Z,2.29,10.1,4.05,3.4,5.03,1.544,522
2022-01-10T00:00:00.000Z,5.35,44.15,12.75,7.68,36.75,14.238,546
2022-01-11T00:00:00.000Z,14.52,46.35,19.92,17.98,23.65,7.469,551
2022-01-12T00:00:00.000Z,9.3,21.33,14.75,11.92,16.82,2.994,561
2022-01-13T00:00:00.000Z,8.05,18.75,13.12,10.73,15.5,2.75,568
2022-01-14T00:00:00.000Z,1.75,21.02,7.56,4.45,14.77,5.477,536
2022-01-15T00:00:00.000Z,2.4,15.85,7.87,4.18,9.88,3.225,558
2022-01-16T00:00:00.000Z,3.17,21.65,13.6,5.53,16.95,5.465,557
2022-01-17T00:00:00.000Z,0.45,12.82,2.02,1.3,3.5,2.329,559
2022-01-18T00:00:00.000Z,0.9,13.75,3.6,2.42,4.28,1.317,547
2022-01-19T00:00:00.000Z,3.15,14.73,7.3,6.25,8.82,2.174,551
2022-01-20T00:00:00.000Z,0.55,4.68,1.63,1.27,2.08,0.566,563
2022-01-21T00:00:00.000Z,0.32,6.5,1.45,1.08,2.1,1.176,533
2022-01-22T00:00:00.000Z,1.17,13.8,3.25,2.38,5.68,2.774,551
2022-01-23T00:00:00.000Z,0.85,14,4.34,2.88,6.07,2.458,546
2022-01-24T00:00:00.000Z,2.25,13.13,7.38,5.64,9.49,2.345,557
2022-01-25T00:00:00.000Z,5.53,15.55,10.7,9.43,12.07,1.912,554
2022-01-26T00:00:00.000Z,3.47,26.6,8.1,6.2,16.07,6.157,517
2022-01-27T00:00:00.000Z,1.05,18.2,8.13,2.75,10.9,4.642,559
2022-01-28T00:00:00.000Z,1.1,11.07,2.52,2.04,3.05,0.875,555
2022-01-29T00:00:00.000Z,0.95,17.48,3.92,2.97,7.64,3.273,565
2022-01-30T00:00:00.000Z,1.88,5.9,3.15,2.65,3.88,0.827,566
2022-01-31T00:00:00.000Z,1.65,8.3,4.32,3.75,5.09,1.054,560
2022-02-01T00:00:00.000Z,1.3,9.43,3.04,2.4,5.33,2.09,530
2022-02-02T00:00:00.000Z,0.3,6.05,2.04,1.58,3.07,1.113,532
2022-02-03T00:00:00.000Z,1.27,15.8,5.38,2.9,9.43,3.761,515
2022-02-04T00:00:00.000Z,0.45,17.23,5.34,1.3,11.7,5.037,538
2022-02-05T00:00:00.000Z,0.28,3.55,1.83,1.57,2.15,0.496,552
2022-02-06T00:00:00.000Z,0.2,3.15,1.05,0.68,1.42,0.478,557
2022-02-07T00:00:00.000Z,0.2,4.38,1.95,1.19,2.5,0.846,557
2022-02-08T00:00:00.000Z,1.23,37.1,5.72,3.63,7.38,2.811,547
2022-02-09T00:00:00.000Z,1.33,12.32,4.38,2.7,6.93,2.76,526
2022-02-10T00:00:00.000Z,0.4,7.8,4.57,2.35,5.4,1.868,512
2022-02-11T00:00:00.000Z,1.14,8.57,3.5,2.29,4.29,1.361,533
2022-02-12T00:00:00.000Z,0.8,9.27,3.28,2.27,5.15,1.985,555
2022-02-13T00:00:00.000Z,2,9.05,5,4.22,7.03,1.692,562
2022-02-14T00:00:00.000Z,1.6,8.44,3.78,2.9,4.5,1.087,570
2022-02-15T00:00:00.000Z,1.63,13.85,4.2,3.4,5.15,1.458,581
2022-02-16T00:00:00.000Z,0.35,3.88,1.1,0.82,1.98,0.684,569
2022-02-17T00:00:00.000Z,0.1,3.85,1.3,0.93,1.63,0.516,577
2022-02-18T00:00:00.000Z,0.32,8.8,1.77,1.3,2.5,1.02,569
2022-02-19T00:00:00.000Z,0.38,4.47,1.35,1.1,1.6,0.449,575
2022-02-20T00:00:00.000Z,0.2,13.13,1.5,0.88,2.27,1.178,567
2022-02-21T00:00:00.000Z,0.1,3.7,1.4,0.8,1.83,0.712,564
2022-02-22T00:00:00.000Z,0.95,5.72,2.45,1.95,2.97,0.752,585
2022-02-23T00:00:00.000Z,1.02,7.43,2.72,2.17,3.34,0.903,569
2022-02-24T00:00:00.000Z,0.4,5.78,2.02,1.5,3.03,1.002,573
2022-02-25T00:00:00.000Z,0.4,5.38,1.83,1.5,2.63,0.853,570
2022-02-26T00:00:00.000Z,1.12,10.68,3.08,2.15,3.75,1.099,579
2022-02-27T00:00:00.000Z,3.65,19.3,12.27,6.14,15.3,4.448,569
2022-02-28T00:00:00.000Z,2.88,21.25,9.19,5.6,12.1,4.082,570
2022-03-01T00:00:00.000Z,2.35,10.9,5.72,4.09,6.9,2.043,578
2022-03-02T00:00:00.000Z,5.82,42.22,12.05,9.13,15.43,3.964,563
2022-03-03T00:00:00.000Z,5.2,24.45,9.75,7.65,16.89,4.955,567
2022-03-04T00:00:00.000Z,0.93,17.07,4.43,2.6,8.1,3.855,562
2022-03-05T00:00:00.000Z,1.38,10.63,5.07,3.25,6.25,1.879,578
2022-03-06T00:00:00.000Z,1.1,7.47,3.7,2.4,4.73,1.523,545
2022-03-07T00:00:00.000Z,0.82,9.68,3.4,2.2,4.7,2.083,577
2022-03-08T00:00:00.000Z,0.55,22.75,3.88,2.58,6.5,3.508,563
2022-03-09T00:00:00.000Z,3,19.27,6.68,4.54,14.14,4.875,564
2022-03-10T00:00:00.000Z,3.28,18.35,9.73,5.63,12.85,3.982,576
2022-03-11T00:00:00.000Z,2.7,8.9,5.68,4.09,6.45,1.339,567
2022-03-12T00:00:00.000Z,2.4,10.85,6.9,5.35,7.65,1.734,557
2022-03-13T00:00:00.000Z,2.54,10.52,6.68,5.09,8.22,1.892,552
2022-03-14T00:00:00.000Z,5.65,21.88,9.57,8.05,11.99,3.091,572
2022-03-15T00:00:00.000Z,5.35,27.42,12,8.75,15.13,4.497,571
2022-03-16T00:00:00.000Z,6.53,24.38,13.73,10.55,17.63,4.625,571
2022-03-17T00:00:00.000Z,4.68,41.08,28.63,25.98,33.45,8.587,563
2022-03-18T00:00:00.000Z,0.85,10.82,3,2.25,3.84,1.239,548
2022-03-19T00:00:00.000Z,1.35,16.13,5.3,3.25,13.02,4.862,571
2022-03-20T00:00:00.000Z,6.9,15.57,10.35,8.77,13.4,2.394,567
2022-03-21T00:00:00.000Z,4.28,12.45,7.88,5.72,8.9,1.977,543
2022-03-22T00:00:00.000Z,3.63,15.38,9,6.05,10.07,2.386,577
2022-03-23T00:00:00.000Z,9.73,17.48,13.49,12.07,14.65,1.677,558
2022-03-24T00:00:00.000Z,5.57,25.52,13.98,9.02,19.3,5.57,561
2022-03-25T00:00:00.000Z,7.82,25.63,14.14,12.57,18.17,3.447,570
2022-03-26T00:00:00.000Z,3,21.92,12.05,5.4,16.8,5.662,576
2022-03-27T00:00:00.000Z,1.98,15.35,5.9,3.33,10.9,4.056,558
2022-03-28T00:00:00.000Z,1.75,12.2,5.09,3.45,6.55,2.419,574
2022-03-29T00:00:00.000Z,1.25,14.98,4.18,2.29,9.93,4.298,573
2022-03-30T00:00:00.000Z,0.8,5.85,2,1.6,2.52,0.961,570
2022-03-31T00:00:00.000Z,1.05,4.78,2.6,2.13,3.2,0.692,574
2022-04-01T00:00:00.000Z,1.12,3.78,1.98,1.67,2.4,0.496,554
2022-04-02T00:00:00.000Z,0.88,3.17,1.7,1.48,1.92,0.358,521
2022-04-03T00:00:00.000Z,0.8,6.68,1.7,1.4,2.1,0.529,573
2022-04-04T00:00:00.000Z,2.17,12.23,5.27,4.12,7.07,2.31,580
2022-04-05T00:00:00.000Z,0.5,11.4,1.88,1.38,3.63,2.656,567
2022-04-06T00:00:00.000Z,1.05,11.1,4.28,2.25,7.31,2.722,569
2022-04-07T00:00:00.000Z,0,4.82,1,0.6,2.06,0.983,569
2022-04-08T00:00:00.000Z,0,2.83,0.38,0.2,0.63,0.338,577
2022-04-09T00:00:00.000Z,0,1.8,0.4,0.25,0.63,0.305,553
2022-04-10T00:00:00.000Z,0,1.85,0.5,0.3,0.7,0.326,577
2022-04-11T00:00:00.000Z,0,6.35,0.7,0.4,1.4,1.161,567
2022-04-12T00:00:00.000Z,1,4.32,2.2,1.7,2.88,0.756,565
2022-04-13T00:00:00.000Z,1.2,9.19,4.53,3.47,5.03,1.371,572
2022-04-14T00:00:00.000Z,0.45,10.3,4.32,2.52,5.43,2.011,570
2022-04-15T00:00:00.000Z,0.6,10.38,4.07,2.38,5.05,1.919,565
2022-04-16T00:00:00.000Z,0.25,4.34,1.12,0.8,1.52,0.632,566
2022-04-17T00:00:00.000Z,0.7,4.68,1.95,1.52,2.74,0.835,568
2022-04-18T00:00:00.000Z,0.45,8.43,1.62,1.08,4.55,2.112,572
2022-04-19T00:00:00.000Z,0.6,5,1.5,1.17,1.9,0.534,567
2022-04-20T00:00:00.000Z,0.77,4.07,1.9,1.42,2.41,0.706,564
2022-04-21T00:00:00.000Z,1.42,8.44,3.55,2.9,4.38,1.292,571
2022-04-22T00:00:00.000Z,1.5,15.6,4.63,3.63,6.05,2.938,563
2022-04-23T00:00:00.000Z,1.55,10.13,3.25,2.72,7.38,2.384,565
2022-04-24T00:00:00.000Z,1.33,6.1,3.13,2.4,3.8,0.926,578
2022-04-25T00:00:00.000Z,1.48,10.02,3.8,2.27,6.63,2.499,541
2022-04-26T00:00:00.000Z,0.9,8.98,1.85,1.4,4.7,2.071,551
2022-04-27T00:00:00.000Z,0.82,6.75,2.65,1.48,4.07,1.5,563
2022-04-28T00:00:00.000Z,1.35,7.57,3.1,2.25,4.59,1.446,555
2022-04-29T00:00:00.000Z,0.9,6.2,2.75,2.17,4.05,1.139,564
2022-04-30T00:00:00.000Z,1.45,5.25,2.38,2.08,2.85,0.599,573
2022-05-01T00:00:00.000Z,0.95,5.65,2.17,1.77,2.6,0.575,523
2022-05-02T00:00:00.000Z,1.48,10.45,2.54,2.2,3.6,1.395,470
2022-05-03T00:00:00.000Z,0.22,5.53,1.75,1.05,3,1.428,535
2022-05-04T00:00:00.000Z,1,5.88,3.01,2.5,3.67,0.915,580
2022-05-05T00:00:00.000Z,1.3,8.07,3.13,2.29,3.83,1.035,563
2022-05-06T00:00:00.000Z,0.73,7.05,3.25,1.83,4.3,1.446,566
2022-05-07T00:00:00.000Z,0.95,8.02,2.29,1.77,3.15,1.596,578
2022-05-08T00:00:00.000Z,0.7,4.53,1.58,1.3,2,0.55,570
2022-05-09T00:00:00.000Z,1.2,5.57,2.1,1.8,2.7,0.601,539
2022-05-10T00:00:00.000Z,1,9.52,2.25,1.73,2.63,0.875,523
2022-05-11T00:00:00.000Z,1.5,6.05,3.2,2.38,3.88,0.944,520
2022-05-12T00:00:00.000Z,0.2,4.13,1.1,0.62,2.17,1.022,533
2022-05-13T00:00:00.000Z,0.55,5.25,1.88,1.4,2.54,0.82,534
2022-05-14T00:00:00.000Z,1.1,3.88,1.9,1.7,2.2,0.39,552
2022-05-15T00:00:00.000Z,0.28,3.1,1.08,0.72,1.63,0.575,544
2022-05-16T00:00:00.000Z,0.5,3.25,1.33,1.1,1.63,0.403,544
2022-05-17T00:00:00.000Z,0.73,10.1,2.54,2,3.25,0.983,540
2022-05-18T00:00:00.000Z,0.45,6.15,2.2,1.17,2.6,0.886,535
2022-05-19T00:00:00.000Z,1.3,6.55,2.1,1.8,2.42,0.683,525
2022-05-20T00:00:00.000Z,0.75,10.73,2.25,1.6,4.9,2.177,518
2022-05-21T00:00:00.000Z,0.4,5.25,1,0.85,1.29,0.594,545
2022-05-22T00:00:00.000Z,0.38,7.43,1.08,0.8,1.33,0.527,525
2022-05-23T00:00:00.000Z,0.5,4.3,1.17,0.95,1.8,0.875,532
2022-05-24T00:00:00.000Z,0.5,5.63,1.8,1.17,2.7,1.116,535
2022-05-25T00:00:00.000Z,0.3,7.45,1.7,0.93,2.29,0.99,522
2022-05-26T00:00:00.000Z,0.25,7.68,1.2,0.85,1.58,0.723,522
2022-05-27T00:00:00.000Z,0.2,7.03,1.21,0.88,2.21,1.767,520
2022-05-28T00:00:00.000Z,0.3,2.25,1,0.8,1.2,0.304,529
2022-05-29T00:00:00.000Z,0.4,6.05,1.3,1,1.55,0.51,485
2022-05-30T00:00:00.000Z,0.35,4.68,1.4,0.9,2.04,0.864,477
2022-05-31T00:00:00.000Z,0.5,7.38,1.55,0.94,2.27,0.98,504
2022-06-01T00:00:00.000Z,0.5,7.28,1.65,1.2,3,1.181,500
2022-06-02T00:00:00.000Z,0.4,8.27,1.8,1,2.63,1.055,284
2022-06-03T00:00:00.000Z,0.47,4,1.17,0.93,1.42,0.601,313
2022-06-04T00:00:00.000Z,0.9,3.47,1.77,1.52,2,0.399,440
2022-06-05T00:00:00.000Z,1.5,6.85,3.25,2.85,4.03,1.139,439
2022-06-06T00:00:00.000Z,1.48,27.85,4.12,2.49,5.24,2.641,360
2022-06-07T00:00:00.000Z,0.35,5.93,1.24,0.8,2.25,1.572,514
2022-06-08T00:00:00.000Z,0.17,3.42,1.14,0.7,1.95,0.767,498
2022-06-09T00:00:00.000Z,0.45,15.2,1.8,1.27,2.52,1.213,503
2022-06-10T00:00:00.000Z,0.3,4.25,1.3,0.9,2.45,0.984,480
2022-06-11T00:00:00.000Z,0.6,4.68,1.83,1.2,3.03,0.997,459
2022-06-12T00:00:00.000Z,0.65,5.9,1.7,1.25,3.83,1.442,491
2022-06-13T00:00:00.000Z,0.22,2.54,0.95,0.68,1.25,0.415,472
2022-06-14T00:00:00.000Z,0.4,4.28,1.07,0.8,1.55,0.695,408
2022-06-15T00:00:00.000Z,0.4,3.47,1.52,1.15,1.97,0.618,504
2022-06-16T00:00:00.000Z,0.4,6.3,1.3,1,1.8,0.688,504
2022-06-17T00:00:00.000Z,0.45,5.2,1.42,1.08,1.83,0.812,438
2022-06-18T00:00:00.000Z,0.7,60.85,2.1,1.48,2.78,2.805,509
2022-06-19T00:00:00.000Z,0.6,4.55,2.59,1.7,3.45,0.971,450
2022-06-20T00:00:00.000Z,0.75,6.07,2.17,1.4,2.95,1.047,379
2022-06-21T00:00:00.000Z,0.35,6.45,1.47,0.8,2,0.728,370
2022-06-22T00:00:00.000Z,0.47,3.35,1.17,0.93,1.58,0.611,359
2022-06-23T00:00:00.000Z,0.7,4.32,1.3,1.12,1.9,0.751,339
2022-06-24T00:00:00.000Z,0.88,21.73,2,1.45,2.88,2.009,550
2022-06-25T00:00:00.000Z,3.13,14.45,6.6,4.82,9.32,2.878,522
2022-06-26T00:00:00.000Z,1.92,17.88,3.92,2.8,8.05,4.698,559
2022-06-27T00:00:00.000Z,1.14,9.25,2.9,1.95,4.95,2.121,549
2022-06-28T00:00:00.000Z,0.3,5.63,0.9,0.65,2.38,1.396,554
2022-06-29T00:00:00.000Z,0.3,3.72,1.29,0.77,1.6,0.5,540
2022-06-30T00:00:00.000Z,1.4,7.78,4.7,2.92,5.72,1.6,551
2022-07-01T00:00:00.000Z,0.22,13.82,3.97,1.88,8.6,3.883,553
2022-07-02T00:00:00.000Z,0.3,7.6,1.38,0.8,3.1,2.041,557
2022-07-03T00:00:00.000Z,0.8,3.4,1.5,1.25,2.33,0.634,527
2022-07-04T00:00:00.000Z,0.25,4.9,0.98,0.6,2.13,1.177,552
2022-07-05T00:00:00.000Z,0.3,29.85,0.95,0.73,1.3,2.294,538
2022-07-06T00:00:00.000Z,0.05,2.15,0.65,0.47,0.9,0.343,554
2022-07-07T00:00:00.000Z,0.25,6.18,1.67,1.12,2.2,0.796,371
2022-07-08T00:00:00.000Z,0.5,3.22,1.4,1.1,1.85,0.541,541
2022-07-09T00:00:00.000Z,0.3,2.9,1.25,0.9,1.6,0.493,534
2022-07-10T00:00:00.000Z,0.17,22.83,0.85,0.65,1.1,1.579,546
2022-07-11T00:00:00.000Z,0.25,2.65,0.9,0.65,1.2,0.493,549
2022-07-12T00:00:00.000Z,0.13,11.85,0.82,0.5,1.6,0.932,544
2022-07-13T00:00:00.000Z,0.5,3.7,1.33,0.93,1.7,0.507,518
2022-07-14T00:00:00.000Z,0.1,2.8,0.75,0.5,1.17,0.456,549
2022-07-15T00:00:00.000Z,0.15,2.4,0.7,0.55,0.9,0.277,522
2022-07-16T00:00:00.000Z,0.2,2.17,0.7,0.5,0.93,0.305,571
2022-07-17T00:00:00.000Z,0.4,5.22,1,0.8,1.55,0.843,582
2022-07-18T00:00:00.000Z,0.65,7.5,2.42,1.88,3.49,1.155,561
2022-07-19T00:00:00.000Z,1.2,53.2,2.54,1.83,3.25,4.115,572
2022-07-20T00:00:00.000Z,1.4,98.45,3.05,2.38,3.67,10.637,559
2022-07-21T00:00:00.000Z,2.52,8.94,4.34,3.6,5.8,1.466,573
2022-07-22T00:00:00.000Z,0.8,9.4,2.78,1.8,3.78,1.327,571
2022-07-23T00:00:00.000Z,0.5,4.43,1.77,0.95,2.8,1.045,569
2022-07-24T00:00:00.000Z,0.17,25.73,1,0.75,1.67,1.839,571
2022-07-25T00:00:00.000Z,1.02,7.03,3.72,1.65,4.3,1.372,578
2022-07-26T00:00:00.000Z,0.2,5.6,1.02,0.8,1.98,1.164,573
2022-07-27T00:00:00.000Z,0.2,2.54,0.85,0.63,1.1,0.357,575
2022-07-28T00:00:00.000Z,0.56,3.38,1.1,0.93,1.4,0.394,561
2022-07-29T00:00:00.000Z,0.55,2.97,1.5,1.27,1.7,0.355,568
2022-07-30T00:00:00.000Z,0.4,4.75,1.1,0.88,1.6,0.699,559
2022-07-31T00:00:00.000Z,0.85,6.32,1.95,1.58,2.8,0.746,578
2022-08-01T00:00:00.000Z,0.45,5.32,1.3,0.9,2.22,1.016,508
2022-08-02T00:00:00.000Z,0.5,15.32,1.4,1.08,1.8,1.061,536
2022-08-03T00:00:00.000Z,0.73,25.9,2.13,1.2,3.45,2.88,555
2022-08-04T00:00:00.000Z,1,15.68,2.54,1.83,3.08,1.244,461
2022-08-05T00:00:00.000Z,0.35,4.97,1.7,1.24,2.71,0.91,565
2022-08-06T00:00:00.000Z,0.1,189.9,0.55,0.4,0.9,10.899,552
2022-08-07T00:00:00.000Z,0.5,9.25,1.25,0.93,1.51,0.547,429
2022-08-08T00:00:00.000Z,0.8,4.18,1.65,1.4,1.9,0.37,519
2022-08-09T00:00:00.000Z,0.82,5.32,1.52,1.3,1.95,0.486,567
2022-08-10T00:00:00.000Z,0.63,5.38,1.5,1.1,2.31,0.761,465
2022-08-11T00:00:00.000Z,0.4,3.53,1.4,1.08,1.65,0.493,450
2022-08-12T00:00:00.000Z,0.5,8.43,1.37,0.93,1.85,0.816,556
2022-08-13T00:00:00.000Z,1.4,6.5,2.88,2.38,3.35,0.856,578
2022-08-14T00:00:00.000Z,1.48,8.18,3.83,2.65,4.72,1.196,546
2022-08-15T00:00:00.000Z,3.1,12.02,6.32,4.9,8.02,1.984,474
2022-08-16T00:00:00.000Z,2.47,12.48,6.28,4.47,9.52,2.745,586
2022-08-17T00:00:00.000Z,1.55,33.75,3.72,2.35,7.15,3.09,439
2022-08-18T00:00:00.000Z,2.9,20.25,5.93,4.57,7.57,2.4,472
2022-08-19T00:00:00.000Z,5,12.85,7.88,6.43,9.98,1.999,578
2022-08-20T00:00:00.000Z,3.35,26.2,8.85,5.71,11.94,3.698,545
2022-08-21T00:00:00.000Z,0.45,6.75,1.9,1.17,2.92,1.082,517
2022-08-22T00:00:00.000Z,0.56,4.93,1.7,1.2,2.21,0.819,356
2022-08-23T00:00:00.000Z,1,4.05,2.15,1.85,2.52,0.507,536
2022-08-24T00:00:00.000Z,2.5,12.3,4.55,3.58,7.03,2.73,479
2022-08-25T00:00:00.000Z,2.92,29.9,5.57,4.21,7.28,2.392,500
2022-08-26T00:00:00.000Z,2.45,8.98,6.25,4.45,7.03,1.461,514
2022-08-27T00:00:00.000Z,1.63,13.65,4.05,3.15,7.3,3.009,499
2022-08-28T00:00:00.000Z,1.58,6.75,2.7,2.22,3.65,1.111,543
2022-08-29T00:00:00.000Z,0.73,6.47,2.33,1.6,2.95,0.893,533
2022-08-30T00:00:00.000Z,0.1,5.97,1.7,1.05,3.63,1.462,539
2022-08-31T00:00:00.000Z,0.2,2.2,0.68,0.5,0.88,0.286,520
2022-09-01T00:00:00.000Z,0.08,33.58,0.68,0.43,0.9,1.662,408
2022-09-02T00:00:00.000Z,0.2,1.88,0.82,0.65,1.08,0.311,482
2022-09-03T00:00:00.000Z,0.35,2.29,1.02,0.88,1.23,0.314,391
2022-09-04T00:00:00.000Z,0.5,3.17,1.3,0.9,1.9,0.601,273
2022-09-05T00:00:00.000Z,0.6,4.68,2.24,1.92,2.52,0.563,366
2022-09-06T00:00:00.000Z,0.38,3.33,1.48,0.95,1.83,0.549,542
2022-09-07T00:00:00.000Z,0.8,5.35,2.94,1.84,3.72,1.047,520
2022-09-08T00:00:00.000Z,1.4,16.77,3.17,2.1,5.28,3.509,382
2022-09-09T00:00:00.000Z,0.32,7.22,1.2,0.9,3.8,1.85,523
2022-09-10T00:00:00.000Z,0.4,6.97,1.49,1.09,2.22,1.114,508
2022-09-11T00:00:00.000Z,1.25,10.45,5.47,3.67,7.22,2.187,531
2022-09-12T00:00:00.000Z,0.45,9.77,2.58,1.14,3.47,1.355,463
2022-09-13T00:00:00.000Z,0.9,6.45,3.4,2.8,4.2,1.121,483
2022-09-14T00:00:00.000Z,0.7,11.23,1.6,1.3,2.54,1.071,515
2022-09-15T00:00:00.000Z,0.32,4,1,0.73,2.09,0.839,521
2022-09-16T00:00:00.000Z,0.2,2.97,0.85,0.65,1.1,0.383,507
2022-09-17T00:00:00.000Z,0.2,2.85,1.23,0.89,1.6,0.507,500
2022-09-18T00:00:00.000Z,0.1,3.63,1,0.7,1.3,0.491,508
2022-09-19T00:00:00.000Z,0,4.88,1.42,1,2.02,0.947,488
2022-09-20T00:00:00.000Z,0.1,7.6,1.2,0.7,2.15,0.977,434
2022-09-21T00:00:00.000Z,0.22,10.15,2.14,1.25,2.67,1.14,470
2022-09-22T00:00:00.000Z,0.1,5.65,1.92,0.79,3.24,1.345,513
2022-09-23T00:00:00.000Z,0.5,6.6,3.03,1.65,3.9,1.442,503
2022-09-24T00:00:00.000Z,2.25,191.8,4.18,3.75,6.03,8.648,520
2022-09-25T00:00:00.000Z,2.67,7.9,4.28,3.63,5.18,0.939,509
2022-09-26T00:00:00.000Z,0.32,6.57,1.49,1,2.14,0.963,484
2022-09-27T00:00:00.000Z,0.52,3.3,1.35,1.14,1.7,0.486,493
2022-09-28T00:00:00.000Z,0.4,5,2.63,1.49,3.29,1.105,505
2022-09-29T00:00:00.000Z,0.85,12.2,5.5,3.6,6.35,1.856,487
2022-09-30T00:00:00.000Z,0.85,10.02,5.13,3.41,5.98,2.185,497
2022-10-01T00:00:00.000Z,0.85,11.27,3.05,2,4.97,2.795,467
2022-10-02T00:00:00.000Z,0.55,5.03,1.6,1.25,1.9,0.541,279
2022-10-03T00:00:00.000Z,0.6,5.4,1.3,1.08,1.66,0.516,281
2022-10-04T00:00:00.000Z,0.6,5.09,1.75,1.35,2.25,0.712,339
2022-10-05T00:00:00.000Z,1.25,7.82,2.29,2.08,2.85,1.016,335
2022-10-06T00:00:00.000Z,0.3,7.55,1.88,0.82,3.03,1.386,531
2022-10-07T00:00:00.000Z,0.7,32.79,3.46,2.33,4.53,2.149,522
2022-10-08T00:00:00.000Z,0.4,6.8,2.13,1.49,4.42,1.664,528
2022-10-09T00:00:00.000Z,0.4,4.84,1.73,1.4,2.22,0.672,548
2022-10-10T00:00:00.000Z,1,8.44,2.35,1.87,3.37,1.257,521
2022-10-11T00:00:00.000Z,0.6,6.2,2.08,1.3,3.75,1.389,526
2022-10-12T00:00:00.000Z,0.56,7.65,3.33,1.72,4.59,1.744,541
2022-10-13T00:00:00.000Z,2.15,15.15,5.97,4.3,9.99,3.46,545
2022-10-14T00:00:00.000Z,2.8,13.95,8.61,5.4,10.8,3.033,518
2022-10-15T00:00:00.000Z,1.1,11.75,5.32,3,8.13,2.758,528
2022-10-16T00:00:00.000Z,0.4,14.25,1.8,1.14,4.73,2.029,412
2022-10-17T00:00:00.000Z,1.5,12.6,3.58,2.58,5.65,1.881,531
2022-10-18T00:00:00.000Z,3.97,14.13,6.57,5.63,7.25,1.44,358
2022-10-21T00:00:00.000Z,3.17,11.13,5.28,4.59,7.92,1.897,521
2022-10-22T00:00:00.000Z,1.48,12,6.37,4.3,7.64,2.055,536
2022-10-23T00:00:00.000Z,0.8,6.9,3.2,2.25,4.63,1.457,527
2022-10-24T00:00:00.000Z,0.9,6.55,2.24,1.67,3.3,0.983,502
2022-10-25T00:00:00.000Z,0.65,9.82,2.2,1.42,5.3,1.987,517
2022-10-26T00:00:00.000Z,0.73,13.5,4.47,3.55,5.03,1.51,518
2022-10-27T00:00:00.000Z,0.9,7.97,4.22,3.35,4.8,1.3,519
2022-10-28T00:00:00.000Z,1.38,8.13,4.32,3.28,4.97,1.213,503
2022-10-29T00:00:00.000Z,2.65,16.25,5.25,4.09,9.6,3.222,503
2022-10-30T00:00:00.000Z,2.54,16.3,9.14,7.09,10.84,3.046,524
2022-10-31T00:00:00.000Z,7.63,24.92,13.18,10.89,19.57,4.655,525
2022-11-01T00:00:00.000Z,2.88,23.7,8.57,6.3,17.95,6.235,511
2022-11-02T00:00:00.000Z,0.6,9.38,1.94,1.35,3.6,1.528,506
2022-11-03T00:00:00.000Z,0.82,4.63,2.42,1.9,2.97,0.789,530
2022-11-04T00:00:00.000Z,3.33,8.9,5.63,4.84,6.65,1.142,515
2022-11-05T00:00:00.000Z,0.56,17.14,3.67,2.58,4.63,1.576,519
2022-11-06T00:00:00.000Z,1.23,7.25,3.96,2.97,4.7,1.337,502
2022-11-07T00:00:00.000Z,0.6,7.03,1.9,1.4,3.74,1.698,533
2022-11-08T00:00:00.000Z,0.56,5.38,1.75,1.4,2.15,0.568,520
2022-11-09T00:00:00.000Z,0.77,6.22,1.92,1.45,2.54,0.838,516
2022-11-10T00:00:00.000Z,0.6,3.9,1.77,1.33,2.13,0.551,527
2022-11-11T00:00:00.000Z,0.9,44.33,2.33,1.83,3.83,2.778,503
2022-11-12T00:00:00.000Z,2.38,16.32,4.8,3.75,10.18,3.555,531
2022-11-13T00:00:00.000Z,4.88,18.42,8,6.75,9.57,2.902,543
2022-11-14T00:00:00.000Z,7.32,22.2,14.58,12.77,17.8,3.003,508
2022-11-15T00:00:00.000Z,5.88,19.85,14.23,12.73,15.38,3.198,521
2022-11-16T00:00:00.000Z,3.1,19.7,9.07,4.5,13.9,5.001,510
2022-11-17T00:00:00.000Z,3.25,9.8,5.07,4.47,6.6,1.474,522
2022-11-18T00:00:00.000Z,1,13.07,5.32,3.4,7.82,2.661,519
2022-11-19T00:00:00.000Z,0.85,6.13,3.26,2.58,4.18,1.063,508
2022-11-20T00:00:00.000Z,2.15,7.93,5,4.37,5.68,0.966,528
2022-11-21T00:00:00.000Z,3.47,10.65,6.72,6.05,7.62,1.158,520
2022-11-22T00:00:00.000Z,4.5,13.85,9.09,7.72,10.15,1.668,518
2022-11-23T00:00:00.000Z,4.93,20.2,10.45,8.98,12.6,3.328,511
2022-11-24T00:00:00.000Z,8.98,22.45,12.19,11.25,13.55,2.639,514
2022-11-25T00:00:00.000Z,5.35,14.9,10.07,8.69,11.27,1.682,525
2022-11-26T00:00:00.000Z,2.42,17.77,6.87,5.18,8.9,2.571,510
2022-11-27T00:00:00.000Z,2.58,8.63,5.63,4.72,6.4,1.165,534
2022-11-28T00:00:00.000Z,5.25,16.7,8.43,7.03,12.37,2.901,493
2022-11-29T00:00:00.000Z,10.05,21.13,12.83,11.85,15.7,2.45,440
2022-11-30T00:00:00.000Z,10.6,24.25,17.7,16.45,18.73,1.896,517
2022-12-01T00:00:00.000Z,9.88,23.45,13.95,12.77,16.14,2.77,463
2022-12-02T00:00:00.000Z,6.3,16.05,10.6,8.65,12.38,2.256,563
2022-12-03T00:00:00.000Z,8.65,20.23,13.25,12.23,14.64,1.922,552
2022-12-04T00:00:00.000Z,11.43,22.98,17.52,16.02,18.8,2.089,517
2022-12-05T00:00:00.000Z,5.75,22.38,11.02,8.07,13.52,3.757,502
2022-12-06T00:00:00.000Z,1.05,7.45,3.3,2.6,4.38,1.2,515
2022-12-07T00:00:00.000Z,0.75,8.93,2.33,1.45,3.45,1.775,528
2022-12-08T00:00:00.000Z,1.65,9,4.32,3.5,5.09,1.155,526
2022-12-09T00:00:00.000Z,3.65,11.38,6.45,5.4,7.47,1.386,507
2022-12-10T00:00:00.000Z,3.75,10.6,6.17,5.32,7.15,1.247,522
2022-12-11T00:00:00.000Z,2.65,7.97,4.97,4.43,5.57,0.914,538
2022-12-12T00:00:00.000Z,1.3,9,2.92,2.29,4.05,1.511,499
2022-12-13T00:00:00.000Z,2.75,8.23,5.09,4.45,5.85,1.058,502
2022-12-14T00:00:00.000Z,2.35,12.85,6.03,4.96,8.94,2.423,472
2022-12-15T00:00:00.000Z,2.97,26.83,8.8,7.63,9.85,1.915,506
2022-12-16T00:00:00.000Z,4.59,22.08,11.25,8.15,14.55,4.083,459
2022-12-17T00:00:00.000Z,4.28,17.5,9.5,8.1,10.6,2.012,506
2022-12-18T00:00:00.000Z,3.97,11.1,6.8,5.95,7.8,1.29,505
2022-12-19T00:00:00.000Z,3.83,9.82,6.75,6.25,7.32,0.889,508
2022-12-20T00:00:00.000Z,4.25,9.3,6.1,5.35,7.09,1.092,525
2022-12-21T00:00:00.000Z,4.78,14.77,8.14,6.57,9.19,1.625,474
2022-12-22T00:00:00.000Z,2.17,11.6,6.14,5.35,7.15,1.444,512
2022-12-23T00:00:00.000Z,3.35,11,6.31,5.49,6.99,1.396,372
2022-12-24T00:00:00.000Z,2.67,9.9,4.9,4.4,5.52,1.004,465
2022-12-25T00:00:00.000Z,2.42,9.5,4,3.55,4.63,0.909,487
2022-12-26T00:00:00.000Z,0.2,8.8,2.13,1.19,2.67,0.948,376
2022-12-27T00:00:00.000Z,0.4,4.75,1.41,1,2.2,0.925,426
2022-12-28T00:00:00.000Z,0.63,6.82,1.3,1.12,1.52,0.467,467
2022-12-29T00:00:00.000Z,0.35,25.05,1,0.8,1.4,1.333,503
2022-12-30T00:00:00.000Z,0.43,7.32,1.17,0.98,1.45,0.607,418
2022-12-31T00:00:00.000Z,0,199.05,0.9,0.4,3.21,21.201,448
2023-01-01T00:00:00.000Z,1.17,129.69,2.47,1.98,4.03,11.234,483
2023-01-02T00:00:00.000Z,0.3,3.67,1.65,0.97,2.08,0.663,513
2023-01-03T00:00:00.000Z,0.38,12.2,1.87,1.25,4.07,2.249,414
2023-01-04T00:00:00.000Z,0.4,5.35,1.42,0.9,2.27,0.947,466
2023-01-05T00:00:00.000Z,0,2.25,0.73,0.5,0.98,0.368,499
2023-01-06T00:00:00.000Z,0.38,6,2,1,3.6,1.457,500
2023-01-07T00:00:00.000Z,0.88,5.82,2.44,1.83,3.83,1.187,490
2023-01-08T00:00:00.000Z,1.8,7.88,3.65,2.8,4.46,1.074,537
2023-01-09T00:00:00.000Z,0.73,9.98,4.18,1.4,6.45,2.6,498
2023-01-10T00:00:00.000Z,0.93,5.2,2.15,1.67,2.83,0.817,518
2023-01-11T00:00:00.000Z,0.38,4.2,1.23,0.9,2.66,1.006,476
2023-01-12T00:00:00.000Z,0.1,3.83,0.68,0.4,1.05,0.681,513
2023-01-13T00:00:00.000Z,0.05,1.98,0.52,0.32,0.8,0.343,473
2023-01-14T00:00:00.000Z,0.3,3.97,0.98,0.8,1.25,0.412,522
2023-01-15T00:00:00.000Z,0,1.75,0.4,0.28,0.52,0.243,454
2023-01-16T00:00:00.000Z,0.1,2.4,0.73,0.51,1,0.317,493
2023-01-17T00:00:00.000Z,0.13,7.93,0.95,0.68,2.29,1.463,519
2023-01-18T00:00:00.000Z,1,7.1,2.76,2.12,3.72,1.231,428
2023-01-19T00:00:00.000Z,2.47,7.28,4.7,4.13,5.28,0.822,544
2023-01-20T00:00:00.000Z,3.4,12.32,7.5,5.37,9.15,2.134,517
2023-01-21T00:00:00.000Z,0.6,8.18,3.08,1.52,4.9,1.818,478
2023-01-22T00:00:00.000Z,0.73,7.93,4.17,2.33,5.81,1.877,544
2023-01-23T00:00:00.000Z,3.15,9.23,6.77,5.6,7.6,1.224,430
2023-01-24T00:00:00.000Z,2.58,11,6.53,4.93,7.88,1.776,523
2023-01-25T00:00:00.000Z,3.58,10.57,6.1,5.19,6.97,1.23,485
2023-01-26T00:00:00.000Z,2.63,8.69,4.93,4.28,5.5,0.978,525
2023-01-27T00:00:00.000Z,0.68,6.07,2.47,1.52,3.55,1.186,411
2023-01-28T00:00:00.000Z,0.2,5.38,1.45,0.95,2.02,0.82,516
2023-01-29T00:00:00.000Z,1.9,10.88,5.17,4.22,6.22,1.422,514
2023-01-30T00:00:00.000Z,0.13,7.72,1.9,1.23,4.97,2.05,492
2023-01-31T00:00:00.000Z,0.25,4.95,1.4,1.02,2.13,0.892,474
2023-02-01T00:00:00.000Z,0.2,4.03,1.23,0.82,1.65,0.594,510
2023-02-02T00:00:00.000Z,0.2,4.3,1.17,0.8,1.95,0.809,494
2023-02-03T00:00:00.000Z,0.3,7.95,1.97,1.25,2.72,1.5,390
2023-02-04T00:00:00.000Z,0.13,4.7,0.73,0.5,1.08,0.57,545
2023-02-05T00:00:00.000Z,0.5,6.5,1.84,1.33,2.5,1.146,466
2023-02-06T00:00:00.000Z,1.83,11.68,4.88,3.62,7.21,2.142,437
2023-02-07T00:00:00.000Z,4.55,13.57,7.78,6.68,9.02,1.742,445
2023-02-08T00:00:00.000Z,4.47,12.07,8.11,7,9.15,1.53,386
2023-02-09T00:00:00.000Z,2.15,7.38,4.38,3.85,4.93,0.81,438
2023-02-10T00:00:00.000Z,4.4,13.85,8.77,7.65,9.8,1.614,468
2023-02-11T00:00:00.000Z,2.29,18.98,10.59,3.75,13.66,4.972,432
2023-02-12T00:00:00.000Z,1.35,9.82,2.83,2.4,3.65,1.697,502
2023-02-13T00:00:00.000Z,1.1,10.25,4.3,2.92,6.8,2.254,358
2023-02-14T00:00:00.000Z,5.7,11.1,8.1,7.45,8.99,1.056,436
2023-02-15T00:00:00.000Z,7.05,15.6,10.3,9.02,11.68,1.757,371
2023-02-16T00:00:00.000Z,5.6,12.75,8.5,7.56,9.44,1.265,420
2023-02-17T00:00:00.000Z,0.52,13.7,7.57,1.6,11.07,4.436,399
2023-02-18T00:00:00.000Z,0.25,2.75,0.98,0.73,1.25,0.414,510
2023-02-19T00:00:00.000Z,0.13,4.57,1.23,0.88,1.6,0.571,431
2023-02-20T00:00:00.000Z,0.98,6.03,3.25,2.58,3.97,1.008,509
2023-02-21T00:00:00.000Z,0.3,5.22,2.15,1.47,2.99,1.053,497
2023-02-22T00:00:00.000Z,1.1,7.47,2.24,1.83,2.75,0.922,398
2023-02-23T00:00:00.000Z,4.63,21.88,7.85,6.38,10.8,3.915,375
2023-02-24T00:00:00.000Z,0.32,9.07,1.62,1.05,4.55,2.06,506
2023-02-25T00:00:00.000Z,0.1,9.25,0.6,0.4,0.95,0.616,418
2023-02-26T00:00:00.000Z,0.1,3.38,0.6,0.4,1.02,0.47,500
2023-02-27T00:00:00.000Z,0.1,9.82,1.2,0.8,1.88,0.87,497
2023-02-28T00:00:00.000Z,0.65,8.19,2.4,1.63,3.65,1.616,431
2023-03-01T00:00:00.000Z,0.7,10.52,4.19,2.5,5,1.82,526
2023-03-02T00:00:00.000Z,2.9,20.52,6.53,5.05,10.5,4.152,538
2023-03-03T00:00:00.000Z,3.45,12.43,7.03,5.8,8.25,1.719,411
2023-03-04T00:00:00.000Z,0.45,9.44,1.58,1.2,2.29,1.647,537
2023-03-05T00:00:00.000Z,0.28,4,0.82,0.6,1.23,0.585,543
2023-03-06T00:00:00.000Z,0.4,5.15,1.83,1.3,2.54,0.934,509
2023-03-07T00:00:00.000Z,0.45,9.07,2.67,1.27,6.15,2.552,521
2023-03-08T00:00:00.000Z,0.7,6.57,2.9,2.17,3.5,0.954,547
2023-03-09T00:00:00.000Z,3.8,12.4,7.73,6.5,9.02,1.7,464
2023-03-10T00:00:00.000Z,2.47,9.18,5.8,4.68,6.7,1.374,535
2023-03-11T00:00:00.000Z,0.5,7,1.83,1.33,2.4,1.192,527
2023-03-12T00:00:00.000Z,0.4,5.03,1.55,1.1,2.25,1.04,528
2023-03-13T00:00:00.000Z,0.3,4.72,1.42,0.98,2.4,1.027,531
2023-03-14T00:00:00.000Z,0.1,15.77,0.7,0.5,1.02,0.961,405
2023-03-15T00:00:00.000Z,0.2,2.95,1.08,0.8,1.4,0.457,540
2023-03-16T00:00:00.000Z,0.1,11.48,1.2,0.8,1.6,0.834,538
2023-03-17T00:00:00.000Z,1,4.15,2.1,1.75,2.6,0.658,543
2023-03-18T00:00:00.000Z,1.6,8.25,3,2.58,3.69,1.728,425
2023-03-19T00:00:00.000Z,1.98,20.07,5.95,5.01,6.82,1.685,504
2023-03-20T00:00:00.000Z,2.47,12.48,6.14,4.34,7.4,2.146,506
2023-03-21T00:00:00.000Z,3.58,17,10.4,7.92,11.92,2.851,537
2023-03-22T00:00:00.000Z,0.85,11.1,2.86,1.45,7.9,3.191,530
2023-03-23T00:00:00.000Z,0.6,3.6,1.3,1.1,1.73,0.594,533
2023-03-24T00:00:00.000Z,0.65,12.9,1.9,1.52,2.29,0.768,495
2023-03-25T00:00:00.000Z,0.2,2.65,0.8,0.55,1.17,0.428,503
2023-03-26T00:00:00.000Z,0.25,3.33,1.1,0.85,1.4,0.407,405
2023-03-27T00:00:00.000Z,0.28,1.7,0.7,0.52,0.85,0.253,459
2023-03-28T00:00:00.000Z,0.1,5.7,0.75,0.5,1.77,0.996,510
2023-03-29T00:00:00.000Z,1.3,6.6,2.37,1.98,3.38,0.954,440
2023-03-30T00:00:00.000Z,0.5,9.77,2.27,1.8,3.61,1.188,504
2023-03-31T00:00:00.000Z,0.5,21.9,1.23,0.99,1.84,1.402,493
2023-04-01T00:00:00.000Z,1.2,6.5,2.85,2.04,3.58,1.059,311
2023-04-02T00:00:00.000Z,0.3,2.72,1,0.8,1.33,0.413,431
2023-04-03T00:00:00.000Z,0.25,2.7,0.9,0.7,1.12,0.342,529
2023-04-04T00:00:00.000Z,0.2,3.15,1.29,0.9,1.83,0.578,562
2023-04-05T00:00:00.000Z,1.12,8.15,2.1,1.75,2.67,1.072,561
2023-04-06T00:00:00.000Z,0.9,9.5,3.25,1.55,4.34,1.502,581
2023-04-07T00:00:00.000Z,1.85,8.57,3.65,2.97,4.53,1.156,558
2023-04-08T00:00:00.000Z,4.45,18.48,12.02,8.85,14.2,3.537,576
2023-04-09T00:00:00.000Z,6.4,20.3,13.68,11,15.55,2.836,575
2023-04-10T00:00:00.000Z,3.25,14.93,5.53,4.5,10.92,3.298,477
2023-04-11T00:00:00.000Z,0.4,6.55,1.6,1.05,4.34,1.729,576
2023-04-12T00:00:00.000Z,0.4,3.58,2.2,1.26,2.63,0.807,244
2023-04-15T00:00:00.000Z,2.9,11.7,5.43,4.13,8.97,2.574,313
2023-04-16T00:00:00.000Z,4.55,16.2,9.23,6.6,11.75,3.025,579
2023-04-17T00:00:00.000Z,6.9,15.52,9.5,8.55,10.98,1.861,572
2023-04-18T00:00:00.000Z,2.13,10.19,6.39,3.67,7.75,2.118,574
2023-04-19T00:00:00.000Z,0.9,6.82,2.15,1.77,3.15,1.263,494
2023-04-20T00:00:00.000Z,2.95,10.95,5.95,4.15,7.85,2.054,585
2023-04-21T00:00:00.000Z,2.65,9.05,4.7,3.6,6.07,1.384,519
2023-04-22T00:00:00.000Z,2.67,7.95,4.38,3.65,5.18,0.958,510
2023-04-23T00:00:00.000Z,1.08,11.2,4.93,3.2,6.32,2.235,368
2023-04-24T00:00:00.000Z,0.2,4.45,1,0.65,2.49,1.191,553
2023-04-25T00:00:00.000Z,0.5,3.8,1.7,1.2,2.35,0.702,461
2023-04-26T00:00:00.000Z,0.65,3.47,1.6,1.33,1.85,0.414,526
2023-04-27T00:00:00.000Z,0.55,4.95,1.4,1.14,1.8,0.911,551
2023-04-28T00:00:00.000Z,1.5,6.1,3,2.5,4.03,1,330
2023-04-29T00:00:00.000Z,1.6,19.92,4.7,3.13,8.9,4.252,507
2023-04-30T00:00:00.000Z,1.1,9.69,1.95,1.65,2.33,0.947,394
2023-05-01T00:00:00.000Z,1.58,9.94,3.42,2.54,4.57,1.898,553
2023-05-02T00:00:00.000Z,1.12,4.84,2.4,1.88,3,0.711,565
2023-05-03T00:00:00.000Z,0.93,3.58,1.8,1.5,2.08,0.409,384
2023-05-04T00:00:00.000Z,1.12,3.95,2,1.8,2.27,0.374,576
2023-05-05T00:00:00.000Z,1.5,3.97,2.6,2.33,2.9,0.423,406
2023-05-06T00:00:00.000Z,1.65,13,6.72,3.69,8.48,2.952,576
2023-05-07T00:00:00.000Z,0.7,10.38,2.38,1.33,6.7,3.007,447
2023-05-08T00:00:00.000Z,0.9,5.63,1.98,1.5,2.9,1.21,562
2023-05-09T00:00:00.000Z,1.25,4.38,2.13,1.85,2.52,0.538,578
2023-05-10T00:00:00.000Z,1.3,9.32,3.14,1.83,4.22,2.032,574
2023-05-11T00:00:00.000Z,1.02,10.98,2.22,1.6,3.75,2.668,563
2023-05-12T00:00:00.000Z,1.55,7.1,2.6,2.15,3.17,0.687,582
2023-05-13T00:00:00.000Z,1.25,7.6,2.83,2.16,3.57,1.352,577
2023-05-14T00:00:00.000Z,1.75,9.8,3.65,2.6,4.59,1.406,575
2023-05-15T00:00:00.000Z,1.2,10.43,3.92,2.38,6.7,2.386,570
2023-05-16T00:00:00.000Z,0.56,12.52,2.1,1.42,8.28,3.717,461
2023-05-17T00:00:00.000Z,0.9,4.97,1.9,1.63,2.42,0.608,555
2023-05-18T00:00:00.000Z,0.7,4.53,1.5,1.27,1.75,0.409,571
2023-05-19T00:00:00.000Z,0.6,3.55,1.5,1.25,1.85,0.442,573
2023-05-20T00:00:00.000Z,1.95,10.85,4.43,3.47,5.47,1.794,580
2023-05-21T00:00:00.000Z,2.58,18,4.78,3.47,10.75,4.318,577
2023-05-22T00:00:00.000Z,1.88,4.93,2.8,2.52,3.1,0.448,534
2023-05-23T00:00:00.000Z,1.83,19.32,3.83,3.13,4.7,2.581,579
2023-05-24T00:00:00.000Z,1.52,6.57,2.92,2.47,3.7,0.851,577
2023-05-25T00:00:00.000Z,2.17,8.57,3.53,3.17,4.07,0.777,535
2023-05-26T00:00:00.000Z,1.52,11.93,3.49,2.8,4.03,0.934,428
2023-05-27T00:00:00.000Z,0.6,6.45,1.65,1.1,3.1,1.205,467
2023-05-28T00:00:00.000Z,1.35,5.15,2.2,1.85,3.33,0.961,491
2023-05-29T00:00:00.000Z,1,4.7,2,1.75,2.47,0.576,499
2023-05-30T00:00:00.000Z,0.9,5.22,1.7,1.5,1.92,0.389,576
2023-05-31T00:00:00.000Z,0.65,8.98,1.6,1.38,2.02,0.9,353
2023-06-01T00:00:00.000Z,1.3,8.69,3.22,2.58,4.07,1.199,558
2023-06-02T00:00:00.000Z,0.35,4.82,1.17,0.8,3.03,1.217,573
2023-06-03T00:00:00.000Z,0.4,2.58,1.01,0.85,1.2,0.304,460
2023-06-04T00:00:00.000Z,0.45,9.18,1.1,0.93,1.3,0.459,582
2023-06-05T00:00:00.000Z,0.7,3.35,1.5,1.27,1.7,0.346,561
2023-06-06T00:00:00.000Z,1.4,6.13,2.6,2.04,3.2,0.974,361
2023-06-07T00:00:00.000Z,1.73,8.02,2.63,2.35,2.92,0.49,575
2023-06-08T00:00:00.000Z,2.54,5.8,3.45,3.21,3.78,0.441,425
2023-06-09T00:00:00.000Z,2,6.7,3.17,2.8,3.75,0.863,578
2023-06-10T00:00:00.000Z,2.04,5.93,3.9,3.42,4.4,0.719,573
2023-06-11T00:00:00.000Z,1.5,5.9,3.59,2.29,4.13,1.034,580
2023-06-12T00:00:00.000Z,1.7,4.28,2.83,2.58,3.15,0.414,576
2023-06-13T00:00:00.000Z,0.73,3.58,2.08,1.63,2.62,0.639,573
2023-06-14T00:00:00.000Z,1.75,5.47,2.8,2.5,3.41,0.678,565
2023-06-15T00:00:00.000Z,2.02,8.32,3,2.7,3.75,1.318,578
2023-06-16T00:00:00.000Z,2.08,308.27,4.63,3.75,5.65,13.429,578
2023-06-17T00:00:00.000Z,2.33,24.23,6.9,4.7,9.07,3.017,573
2023-06-18T00:00:00.000Z,2.52,92.7,5,3.7,13.45,9.29,575
2023-06-19T00:00:00.000Z,6.63,13.95,10.13,9.18,11.13,1.375,373
2023-06-20T00:00:00.000Z,7.97,31.13,16.73,14.51,22.23,5.21,568
2023-06-21T00:00:00.000Z,3.4,30.65,8.98,5.4,18.55,7.753,571
2023-06-22T00:00:00.000Z,1.88,21.98,3.95,3.05,8.6,4.264,577
2023-06-23T00:00:00.000Z,4.4,26.1,10.32,8.38,12.61,3.679,573
2023-06-24T00:00:00.000Z,2.75,17.13,4.3,3.6,8.5,3.014,574
2023-06-25T00:00:00.000Z,3.38,43.13,6.38,4.55,9.36,3.538,588
2023-06-26T00:00:00.000Z,1.2,14.52,6,4,9.48,3.354,502
2023-06-27T00:00:00.000Z,0.55,5.18,1.73,1.4,2.25,0.638,581
2023-06-28T00:00:00.000Z,1.08,6.93,1.9,1.6,2.4,1.366,585
2023-06-29T00:00:00.000Z,0.85,7.38,3.12,2.25,5.4,1.721,580
2023-06-30T00:00:00.000Z,1.1,18.92,7.35,3,13.6,5.597,584
2023-07-01T00:00:00.000Z,1.14,7,2.9,2.08,4.75,1.551,363
2023-07-02T00:00:00.000Z,1.02,721.63,4.55,2.64,5.38,52.981,573
2023-07-03T00:00:00.000Z,2.15,8.23,3.97,3.17,5.09,1.173,544
2023-07-04T00:00:00.000Z,1.4,11.23,3.28,2.63,3.8,0.882,415
2023-07-05T00:00:00.000Z,0.98,14.15,3.13,2.22,4.37,2.288,548
2023-07-06T00:00:00.000Z,1.12,8.63,2.38,1.65,3.13,0.969,278
2023-07-07T00:00:00.000Z,0.95,7.8,2.94,1.88,4.09,1.302,516
2023-07-08T00:00:00.000Z,1.7,12.25,2.8,2.42,3.22,0.762,339
2023-07-09T00:00:00.000Z,1.83,7.85,3.2,2.65,3.85,0.78,368
2023-07-10T00:00:00.000Z,2.47,8.23,4.55,3.8,5.29,1.041,348
2023-07-11T00:00:00.000Z,1.2,9.38,3.3,2.4,4.53,1.845,547
2023-07-12T00:00:00.000Z,0.75,8.68,2.31,1.6,4.21,1.914,556
2023-07-13T00:00:00.000Z,0.73,4.32,1.9,1.52,2.27,0.559,554
2023-07-14T00:00:00.000Z,1.05,9.05,2.58,2.1,3.1,0.762,531
2023-07-15T00:00:00.000Z,1.17,8.94,3,2.2,3.65,1.206,583
2023-07-16T00:00:00.000Z,1.3,13.3,2.33,1.88,3.33,1.992,578
2023-07-17T00:00:00.000Z,1.4,7.15,3.28,2.4,3.92,1.027,387
2023-07-18T00:00:00.000Z,1,6.6,2.15,1.6,2.8,0.918,583
2023-07-19T00:00:00.000Z,1.27,4.75,2.5,1.98,3.01,0.703,464
2023-07-20T00:00:00.000Z,0.4,13.27,1.34,0.9,3.37,2.021,568
2023-07-21T00:00:00.000Z,0.9,10.63,2.14,1.5,3.3,1.694,582
2023-07-22T00:00:00.000Z,2.15,9.43,3.83,3.35,4.82,1.297,585
2023-07-23T00:00:00.000Z,1.83,7.5,3.83,3.05,5.09,1.235,579
2023-07-24T00:00:00.000Z,0.7,25.88,2.8,2.04,3.63,1.455,583
2023-07-25T00:00:00.000Z,0.88,5.72,1.75,1.5,2.67,1.084,582
2023-07-26T00:00:00.000Z,0.4,3.88,1.4,1.17,1.63,0.407,571
2023-07-27T00:00:00.000Z,1.05,9.44,2.33,1.9,3.15,1.024,572
2023-07-28T00:00:00.000Z,0.6,10.15,2.54,1.4,3.8,1.632,580
2023-07-29T00:00:00.000Z,0.65,7.43,2.88,1.8,5.07,1.729,583
2023-07-30T00:00:00.000Z,0.77,6.65,1.7,1.38,3.44,1.476,585
2023-07-31T00:00:00.000Z,0.73,5.8,2.02,1.7,2.45,0.642,575
2023-08-01T00:00:00.000Z,0.3,5.9,1.8,1.38,2.25,0.686,580
2023-08-02T00:00:00.000Z,0.43,5.15,1.35,1.05,1.75,0.524,572
2023-08-03T00:00:00.000Z,0.1,4.53,1,0.68,1.3,0.469,570
2023-08-04T00:00:00.000Z,0.68,9.05,1.75,1.39,2.57,1.162,580
2023-08-05T00:00:00.000Z,0.9,9.19,2.15,1.6,2.75,1.055,579
2023-08-06T00:00:00.000Z,1.12,7.9,4.25,2.57,5.5,1.63,576
2023-08-07T00:00:00.000Z,0.7,4,1.58,1.33,1.9,0.554,582
2023-08-08T00:00:00.000Z,0.7,3.9,1.33,1.14,1.55,0.347,585
2023-08-09T00:00:00.000Z,0.4,3.65,1.17,0.9,1.67,0.688,581
2023-08-10T00:00:00.000Z,0.7,7.13,1.73,1.2,3.05,1.197,569
2023-08-11T00:00:00.000Z,0.6,11.07,3.03,1.3,3.88,1.381,573
2023-08-12T00:00:00.000Z,1.73,12.7,3.16,2.67,3.65,1.202,588
2023-08-13T00:00:00.000Z,0.9,5,1.98,1.6,2.35,0.505,584
2023-08-14T00:00:00.000Z,1,6.47,2.5,1.83,3.45,1.087,584
2023-08-15T00:00:00.000Z,1.6,10.32,3.53,2.87,4.63,1.335,585
2023-08-16T00:00:00.000Z,1.3,9.94,2.33,1.95,3.83,1.57,585
2023-08-17T00:00:00.000Z,1.1,4.18,2.17,1.85,2.7,0.553,583
2023-08-18T00:00:00.000Z,2.13,6.85,4.69,3.69,5.6,1.116,584
2023-08-19T00:00:00.000Z,4.53,13.77,7.13,5.8,8.8,1.804,575
2023-08-20T00:00:00.000Z,0.8,138.77,5.92,1.92,8.52,8.637,566
2023-08-21T00:00:00.000Z,0.52,8.68,1.5,1.1,5.78,2.469,559
2023-08-22T00:00:00.000Z,0.68,5.8,1.63,1.35,2.5,1.102,579
2023-08-23T00:00:00.000Z,0.63,6.4,2.6,1.45,4.22,1.495,584
2023-08-24T00:00:00.000Z,1.08,7.63,2.8,1.95,3.42,0.956,579
2023-08-25T00:00:00.000Z,1.52,10.27,3.65,2.92,4.55,1.099,571
2023-08-26T00:00:00.000Z,0.9,7.4,2.46,1.65,3.45,1.148,582
2023-08-27T00:00:00.000Z,0.85,7.85,2.83,1.7,3.67,1.233,561
2023-08-28T00:00:00.000Z,0.4,7.2,1.4,1.01,2.15,0.819,576
2023-08-29T00:00:00.000Z,0.82,5.09,2.1,1.65,2.9,0.876,576
2023-08-30T00:00:00.000Z,0.8,5.65,2.17,1.4,2.75,0.804,577
2023-08-31T00:00:00.000Z,0.5,5.09,1.6,1.27,2.4,1.026,582
2023-09-01T00:00:00.000Z,1,9.65,2.42,1.77,3.85,2.179,571
2023-09-02T00:00:00.000Z,1.5,30.3,5.99,2.5,9.14,7.041,576
2023-09-03T00:00:00.000Z,0.75,19.14,2.29,1.3,4.4,3.941,572
2023-09-04T00:00:00.000Z,1.4,8.98,4.09,2.29,4.95,1.461,571
2023-09-05T00:00:00.000Z,0.73,9.18,2.85,1.34,3.51,1.188,573
2023-09-06T00:00:00.000Z,1.45,7.22,3.4,2.88,4.01,0.921,577
2023-09-07T00:00:00.000Z,2,6.6,3.91,3.05,4.59,0.933,582
2023-09-08T00:00:00.000Z,2.63,8.73,5.5,3.62,6.52,1.575,584
2023-09-09T00:00:00.000Z,2.04,12.15,6.75,3.35,8.15,2.432,572
2023-09-10T00:00:00.000Z,2.75,14.55,8.59,5.56,10.02,2.721,580
2023-09-11T00:00:00.000Z,3.45,13.15,8.05,4.67,9.56,2.565,576
2023-09-12T00:00:00.000Z,1.5,13.93,4.48,2.59,8.73,3.1,580
2023-09-13T00:00:00.000Z,1.05,10.1,2.27,1.7,4.34,2.425,555
2023-09-14T00:00:00.000Z,0.7,6.32,1.83,1.27,2.67,0.98,574
2023-09-15T00:00:00.000Z,1.23,4.28,2.08,1.8,2.54,0.553,565
2023-09-16T00:00:00.000Z,1.35,7.3,2.47,2.13,3.73,1.294,580
2023-09-17T00:00:00.000Z,2.42,9.48,5.13,3.72,5.82,1.263,582
2023-09-18T00:00:00.000Z,1.14,6.65,3,2.27,4.95,1.445,564
2023-09-19T00:00:00.000Z,0.75,3.97,1.6,1.38,1.83,0.37,553
2023-09-20T00:00:00.000Z,0.82,7.4,1.6,1.27,2.17,0.771,551
2023-09-21T00:00:00.000Z,0.65,5.47,2,1.48,2.92,0.946,582
2023-09-22T00:00:00.000Z,0.5,7.9,1.98,1.3,3.3,1.294,566
2023-09-23T00:00:00.000Z,0.4,8.35,1.4,0.9,2.89,1.748,585
2023-09-24T00:00:00.000Z,0.6,6.68,2.95,1.65,3.55,1.306,571
2023-09-25T00:00:00.000Z,0.8,12.02,3.91,2,5.03,1.657,580
2023-09-26T00:00:00.000Z,3.13,12.9,7.69,5.05,9.69,2.546,552
2023-09-27T00:00:00.000Z,2.45,15.7,9,6.4,11.47,2.936,564
2023-09-28T00:00:00.000Z,3.25,14.07,7.68,5.45,8.98,2.18,585
2023-09-29T00:00:00.000Z,0.4,11.63,5.35,3.95,9.88,3.063,586
2023-09-30T00:00:00.000Z,0.55,58.2,2.1,1.5,3.28,3.174,574
2023-10-01T00:00:00.000Z,1.58,49.03,2.87,2.4,5.13,3.139,526
2023-10-02T00:00:00.000Z,2.97,12.35,5.18,4.25,8.05,2.207,544
2023-10-03T00:00:00.000Z,0.63,63.97,5.82,1.65,7.38,4.207,566
2023-10-04T00:00:00.000Z,0.95,5.2,2.2,1.8,2.95,0.755,571
2023-10-05T00:00:00.000Z,0.45,7.75,2.67,2.08,3.3,1.455,572
2023-10-06T00:00:00.000Z,1,13.7,2.69,1.9,6.65,3.06,566
2023-10-07T00:00:00.000Z,0.1,8.02,2.45,0.93,3.65,1.983,559
2023-10-08T00:00:00.000Z,0.28,9.9,1.55,0.99,1.95,0.889,568
2023-10-09T00:00:00.000Z,0.98,14.65,3.6,2.47,5.3,2.083,553
2023-10-10T00:00:00.000Z,1.25,9.02,4,2.34,5.4,1.912,533
2023-10-11T00:00:00.000Z,2.35,11.93,3.89,3.17,5,1.876,558
2023-10-12T00:00:00.000Z,0.6,7.72,2.5,1.75,3.1,1.16,559
2023-10-13T00:00:00.000Z,1.5,11,3.97,3.45,4.93,1.548,555
2023-10-14T00:00:00.000Z,0.2,17.05,1.33,1.02,2.52,1.32,563
2023-10-15T00:00:00.000Z,0.2,4.43,0.93,0.7,1.23,0.404,571
2023-10-16T00:00:00.000Z,0.32,4.57,1.2,0.85,1.8,0.965,566
2023-10-17T00:00:00.000Z,0.35,7.9,3.97,1.41,4.68,1.853,564
2023-10-18T00:00:00.000Z,1.65,8.05,5.32,3.16,6.21,1.684,556
2023-10-19T00:00:00.000Z,6.22,17.75,10.76,9.52,12.43,2.298,558
2023-10-20T00:00:00.000Z,0.45,11.57,4,2.33,5.57,2.406,579
2023-10-21T00:00:00.000Z,0.35,17.05,7.54,3.9,9.23,3.412,582
2023-10-22T00:00:00.000Z,0.5,11.27,1.9,1.27,4.67,2.481,576
2023-10-23T00:00:00.000Z,0.95,12.8,4.2,3.1,6.85,2.151,582
2023-10-24T00:00:00.000Z,5.45,15.9,7.25,6.57,11.9,3.026,580
2023-10-25T00:00:00.000Z,2.04,15.5,7.9,5.47,9.98,3.076,578
2023-10-26T00:00:00.000Z,3.47,12.95,6.94,6.03,8.16,1.716,576
2023-10-27T00:00:00.000Z,3.95,13.73,8.48,6.6,10.09,2.134,572
2023-10-28T00:00:00.000Z,1.73,10.13,4.67,3.96,5.32,1.212,580
2023-10-29T00:00:00.000Z,0.3,8.19,1.75,1.1,2.33,0.98,581
2023-10-30T00:00:00.000Z,0.1,4.45,1.14,0.7,1.83,0.735,582
2023-10-31T00:00:00.000Z,0.1,6.35,1.27,0.75,3.1,1.573,586
2023-11-01T00:00:00.000Z,0.17,6.57,1.1,0.74,1.73,0.714,561
2023-11-02T00:00:00.000Z,0.6,14.82,1.8,1.3,4.82,2.615,538
2023-11-03T00:00:00.000Z,0.7,8.4,2.6,1.6,4.34,2.019,584
2023-11-04T00:00:00.000Z,0.15,3.97,1.2,0.93,1.48,0.487,581
2023-11-05T00:00:00.000Z,0.3,4.5,1.1,0.85,1.33,0.435,587
2023-11-06T00:00:00.000Z,0.32,6.6,1,0.8,1.25,0.595,572
2023-11-07T00:00:00.000Z,0.25,6.05,0.98,0.73,1.33,0.59,571
2023-11-08T00:00:00.000Z,0.5,9.1,1.2,0.95,1.5,0.695,576
2023-11-09T00:00:00.000Z,0.32,6.13,0.95,0.8,1.14,0.485,534
2023-11-10T00:00:00.000Z,0.3,4.38,1.05,0.8,1.3,0.426,561
2023-11-11T00:00:00.000Z,1,6.03,2,1.7,2.63,0.918,575
2023-11-12T00:00:00.000Z,1,10.1,4.25,3.4,5.22,1.289,355
2023-11-13T00:00:00.000Z,1.3,8.85,2.63,2.13,3.5,1.277,566
2023-11-14T00:00:00.000Z,1,22.63,2.13,1.83,2.45,1.144,582
2023-11-15T00:00:00.000Z,0.43,27.27,1.8,1.38,2.65,4.259,579
2023-11-16T00:00:00.000Z,0.1,4.5,1.7,1.05,2.5,0.959,579
2023-11-17T00:00:00.000Z,0.93,15.68,2.29,1.85,2.95,1.144,571
2023-11-18T00:00:00.000Z,1.98,120.28,3.5,3.08,4.22,6.027,567
2023-11-19T00:00:00.000Z,1.6,7.82,3.42,2.92,4,0.792,570
2023-11-20T00:00:00.000Z,0.7,43.08,2.88,1.9,4.48,3.063,573
2023-11-21T00:00:00.000Z,1.12,14.63,4.2,3.2,5.43,2.562,575
2023-11-22T00:00:00.000Z,1.77,12.05,3.55,3,5.05,1.859,582
2023-11-23T00:00:00.000Z,0.4,7.28,3.33,2.27,4.13,1.19,582
2023-11-24T00:00:00.000Z,0.2,2.88,1.02,0.8,1.3,0.415,577
2023-11-25T00:00:00.000Z,0.2,17.5,1.24,0.9,2,1.833,576
2023-11-26T00:00:00.000Z,0.2,14.65,1.45,0.9,5.6,2.857,569
2023-11-27T00:00:00.000Z,2.27,8.68,4.47,3.64,5.32,1.181,581
2023-11-28T00:00:00.000Z,1.4,9,4.34,3.13,5.97,1.732,583
2023-11-29T00:00:00.000Z,2.29,8.32,4.25,3.4,5.6,1.444,586
2023-11-30T00:00:00.000Z,1.83,11.4,6.24,4.78,7.29,1.715,588
2023-12-01T00:00:00.000Z,2.67,12.02,6.32,5.05,8.44,2.035,579
2023-12-02T00:00:00.000Z,2.72,12.82,6.5,4.95,8.01,1.879,528
2023-12-03T00:00:00.000Z,2.4,13.7,5.6,4.82,6.85,1.834,588
2023-12-04T00:00:00.000Z,4.05,14.48,8.05,6.2,9.6,2.052,583
2023-12-05T00:00:00.000Z,7.9,21.35,11.38,10.5,15.92,3.172,576
2023-12-06T00:00:00.000Z,8.02,24.9,17.39,15.43,18.35,3.373,585
2023-12-07T00:00:00.000Z,6.82,26.52,10.82,9.28,13.12,3.552,585
2023-12-08T00:00:00.000Z,6.6,15.5,10.8,9.02,12.2,1.9,582
2023-12-09T00:00:00.000Z,4.53,17.07,8.07,6.19,13.25,3.66,585
2023-12-10T00:00:00.000Z,1,8.25,2.83,1.92,5.3,1.781,583
2023-12-11T00:00:00.000Z,0.4,6.32,1.69,1.33,2.04,0.68,584
2023-12-12T00:00:00.000Z,1.08,8.8,3.57,2.4,5.09,1.668,584
2023-12-13T00:00:00.000Z,5.65,17.14,10.81,8.22,13.42,2.832,588
2023-12-14T00:00:00.000Z,4.03,10.07,5.93,5.45,6.63,0.941,585
2023-12-15T00:00:00.000Z,3.88,14,8.94,6.74,10.55,2.406,589
2023-12-16T00:00:00.000Z,1.3,26.45,5.28,2.79,7.87,3.03,585
2023-12-17T00:00:00.000Z,1.8,10.38,4.03,3.2,7.63,2.434,585
2023-12-18T00:00:00.000Z,1.9,11.23,5.39,4.55,6.15,1.318,586
2023-12-19T00:00:00.000Z,2.22,12.48,4.47,3.55,5.75,1.448,578
2023-12-20T00:00:00.000Z,0.2,4.68,1.35,1.08,1.77,0.672,587
2023-12-21T00:00:00.000Z,0.1,5.68,1.14,0.8,1.73,0.813,583
2023-12-22T00:00:00.000Z,0.1,3.28,1,0.65,1.3,0.479,583
2023-12-23T00:00:00.000Z,0.1,3,0.8,0.55,1.09,0.41,584
2023-12-24T00:00:00.000Z,0.25,4.07,1.08,0.75,1.92,0.721,576
2023-12-25T00:00:00.000Z,0.32,3.83,1.1,0.82,1.38,0.439,587
2023-12-26T00:00:00.000Z,0,3.05,0.68,0.39,1.02,0.495,488
2023-12-27T00:00:00.000Z,0.5,18.57,1.77,1.25,2.27,1.651,583
2023-12-28T00:00:00.000Z,0.6,6.3,1.45,1.2,1.77,0.64,581
2023-12-29T00:00:00.000Z,0.28,2.1,0.8,0.63,1,0.292,572
2023-12-30T00:00:00.000Z,0.1,60.85,1.25,0.6,4.22,4.138,584
2023-12-31T00:00:00.000Z,1.08,223.88,2.47,1.88,8.75,29.6,577
2024-01-01T00:00:00.000Z,0.88,196.75,2.38,1.76,6.8,34.576,576
2024-01-02T00:00:00.000Z,0.63,5.85,1.6,1.3,2.19,1.04,485
2024-01-03T00:00:00.000Z,0.13,6.13,0.73,0.52,1.1,0.818,574
2024-01-04T00:00:00.000Z,0.1,2.29,0.65,0.47,1.09,0.444,580
2024-01-05T00:00:00.000Z,1.1,17.02,3.05,2.1,8.3,4.397,574
2024-01-06T00:00:00.000Z,0.88,15.77,11.07,4.38,12.75,4.539,587
2024-01-07T00:00:00.000Z,0.52,4.38,2.08,1.33,2.65,0.834,582
2024-01-08T00:00:00.000Z,1.23,5.09,2.75,2.35,3.22,0.654,583
2024-01-09T00:00:00.000Z,1.58,16.38,5.9,3.83,9.3,3.561,587
2024-01-10T00:00:00.000Z,4.4,22.08,14.15,11.59,15.96,3.306,577
2024-01-11T00:00:00.000Z,2.52,32.92,6.18,4.75,7.25,1.935,579
2024-01-12T00:00:00.000Z,2.38,13.18,6.07,4.7,7.45,2.218,583
2024-01-13T00:00:00.000Z,0.75,5.32,2.7,1.75,3.67,1.094,582
2024-01-14T00:00:00.000Z,0.52,6.25,1.77,1.15,4.19,1.61,437
2024-01-15T00:00:00.000Z,0.32,5.7,1.23,0.93,1.88,1.21,577
2024-01-16T00:00:00.000Z,0.43,6.22,1.5,0.95,2.33,0.915,241
2024-03-24T00:00:00.000Z,0.75,3.15,1.6,1.4,1.9,0.39,216
2024-03-25T00:00:00.000Z,0.5,6.32,2,1.4,3.08,1.2,587
2024-03-26T00:00:00.000Z,0.9,5.47,2.22,1.75,2.75,0.742,586
2024-03-27T00:00:00.000Z,0.82,5.28,2.1,1.5,2.54,0.936,588
2024-03-28T00:00:00.000Z,0.1,14.43,0.98,0.65,5.09,3.109,583
2024-03-29T00:00:00.000Z,0.1,7.72,0.77,0.5,1.05,0.925,368
2024-03-30T00:00:00.000Z,1.5,18.3,5.72,2.65,9.6,4.363,580
2024-03-31T00:00:00.000Z,5.13,18.92,11.85,10.16,13.3,2.666,581
2024-04-01T00:00:00.000Z,1,16.27,4.28,2.13,10.19,4.152,537
2024-04-02T00:00:00.000Z,0.55,3.05,1.17,0.95,1.48,0.423,584
2024-04-03T00:00:00.000Z,0.88,7.3,2.75,2.25,4.05,1.277,582
2024-04-04T00:00:00.000Z,0.3,3.63,1,0.73,1.55,0.612,582
2024-04-05T00:00:00.000Z,0.4,3.65,1.27,1,1.48,0.395,575
2024-04-06T00:00:00.000Z,0.2,3.97,1.8,1.15,2.52,0.803,588
2024-04-07T00:00:00.000Z,0.8,5.4,2.25,1.58,2.83,0.807,586
2024-04-08T00:00:00.000Z,1.42,8.52,2.72,2.25,3.85,1.226,584
2024-04-09T00:00:00.000Z,0.3,6.4,2.29,1.12,3.75,1.444,580
2024-04-10T00:00:00.000Z,0.22,5.9,1.12,0.77,1.89,0.883,577
2024-04-11T00:00:00.000Z,0.5,5.75,1.7,1.1,3.03,1.164,558
2024-04-12T00:00:00.000Z,1.23,6.57,2.62,2.1,3.37,0.9,560
2024-04-13T00:00:00.000Z,0.68,9.5,2.2,1.4,3.1,1.151,584
2024-04-14T00:00:00.000Z,0.28,7.65,1.2,0.85,1.5,0.706,587
2024-04-15T00:00:00.000Z,0.2,4.63,1.23,0.98,1.6,0.539,587
2024-04-16T00:00:00.000Z,0.4,3.6,1.23,0.98,1.7,0.57,587
2024-04-17T00:00:00.000Z,0.22,2.42,0.98,0.75,1.17,0.319,583
2024-04-18T00:00:00.000Z,0.1,5.78,0.9,0.56,1.4,0.742,587
2024-04-19T00:00:00.000Z,0.35,7.18,1.5,1.1,2.1,0.75,583
2024-04-20T00:00:00.000Z,0.1,3.5,0.93,0.65,1.55,0.671,559
2024-04-21T00:00:00.000Z,0.5,3.83,1.6,1.3,2.13,0.603,586
2024-04-22T00:00:00.000Z,0.6,15.9,1.5,1.17,2.42,1.388,582
2024-04-23T00:00:00.000Z,1,5.75,2.29,1.77,3.28,1.073,576
2024-04-24T00:00:00.000Z,1.88,15.13,3.53,2.6,5.93,2.446,587
2024-04-25T00:00:00.000Z,0.5,12,2.22,1.42,5.79,3.209,585
2024-04-26T00:00:00.000Z,0.7,4.72,1.73,1.2,2.67,0.942,571
2024-04-27T00:00:00.000Z,0.4,43.88,2.83,1.1,3.58,2.286,588
2024-04-28T00:00:00.000Z,0.52,19.85,1.59,1.1,2.1,1.131,590
2024-04-29T00:00:00.000Z,0.2,6.68,0.77,0.52,1.08,0.468,590
2024-04-30T00:00:00.000Z,0.75,8.44,2.13,1.6,2.65,0.877,590
2024-05-01T00:00:00.000Z,0.9,5.95,1.73,1.48,2.38,0.896,553
2024-05-02T00:00:00.000Z,0.75,3.15,1.8,1.5,2.1,0.428,589
2024-05-03T00:00:00.000Z,0.4,5.63,1.83,1.1,2.42,0.864,589
2024-05-04T00:00:00.000Z,2.42,12.55,6.5,3.97,7.88,2.117,371
2024-05-05T00:00:00.000Z,0.22,18.17,1.45,0.68,2.33,3.433,472
2024-05-06T00:00:00.000Z,0.2,4.59,1.05,0.7,1.7,0.791,587
2024-05-07T00:00:00.000Z,0.3,12.52,1.8,0.9,2.58,1.783,583
2024-05-08T00:00:00.000Z,0.75,3.55,1.65,1.33,2.13,0.524,589
2024-05-09T00:00:00.000Z,1.12,6.18,2.1,1.65,2.7,0.743,589
2024-05-10T00:00:00.000Z,1,9.1,2.7,1.65,3.92,1.655,587
2024-05-11T00:00:00.000Z,0.9,9.55,2.8,2.04,5.94,2.368,588
2024-05-12T00:00:00.000Z,0.2,5.47,0.85,0.68,1.2,0.715,582
2024-05-13T00:00:00.000Z,0.45,2.45,1.2,1,1.4,0.296,588
2024-05-14T00:00:00.000Z,0.4,6.93,1.08,0.82,1.33,0.44,590
2024-05-15T00:00:00.000Z,0.6,2.63,1.17,1,1.35,0.281,587
2024-05-16T00:00:00.000Z,0.6,3.45,1.38,1.05,1.7,0.457,578
2024-05-17T00:00:00.000Z,0.73,3.65,1.75,1.4,2.02,0.447,589
2024-05-18T00:00:00.000Z,0.1,3.22,1.47,1.08,1.92,0.603,588
2024-05-19T00:00:00.000Z,1.17,7.05,2.7,2.15,3.58,1.11,590
2024-05-20T00:00:00.000Z,0.8,6.78,2.15,1.77,3.6,1.556,586
2024-05-21T00:00:00.000Z,0.93,9.9,2.67,2.22,4.84,2.314,586
2024-05-22T00:00:00.000Z,1.1,11.48,3.85,3.28,4.65,1.853,591
2024-05-23T00:00:00.000Z,1.02,13.98,4.43,1.9,9.32,4.078,590
2024-05-24T00:00:00.000Z,1.5,15.7,4.55,2.5,10.25,4.121,590
2024-05-25T00:00:00.000Z,2,15.43,7.05,3.65,10.73,3.518,591
2024-05-26T00:00:00.000Z,1.4,7.22,2.6,2.1,3.9,1.269,589
2024-05-27T00:00:00.000Z,0.8,13.05,2.38,1.9,3.1,3.178,587
2024-05-28T00:00:00.000Z,0.6,14.9,3.09,2.14,4.72,3.944,588
2024-05-29T00:00:00.000Z,0.4,7.63,1.49,1.1,2.6,1.961,588
2024-05-30T00:00:00.000Z,1.05,16.02,3.4,2.04,6.47,3.408,589
2024-05-31T00:00:00.000Z,0.3,16.67,1.63,0.88,5.8,3.951,590
2024-06-01T00:00:00.000Z,1.58,8.18,4.09,3.35,5.45,1.421,550
2024-06-02T00:00:00.000Z,2.2,8.19,4.68,3.7,6.29,1.456,589
2024-06-03T00:00:00.000Z,1.63,6.63,4.13,3.53,4.7,0.947,589
2024-06-04T00:00:00.000Z,0.8,9.44,2.67,1.66,3.5,1.252,588
2024-06-05T00:00:00.000Z,0.43,10.82,3.78,2.29,5.63,1.965,586
2024-06-06T00:00:00.000Z,1.35,10.1,2.84,2.22,5.7,2.058,586
2024-06-07T00:00:00.000Z,1.83,7.68,3.78,3.15,4.65,1.128,585
2024-06-08T00:00:00.000Z,0.88,10.02,3.85,3,6.07,2.308,587
2024-06-09T00:00:00.000Z,0.4,2.78,1,0.85,1.3,0.392,587
2024-06-10T00:00:00.000Z,0.47,8.02,1.7,1.4,2.7,1.434,587
2024-06-11T00:00:00.000Z,0.1,8.25,0.75,0.6,0.98,1.44,588
2024-06-12T00:00:00.000Z,0.3,4.2,0.98,0.77,1.23,0.442,585
2024-06-13T00:00:00.000Z,0.2,4.78,0.73,0.55,1.2,0.623,582
2024-06-14T00:00:00.000Z,1,6,2.08,1.7,2.8,0.917,587
2024-06-15T00:00:00.000Z,0.43,7.28,2.29,1.1,3.28,1.43,519
2024-06-16T00:00:00.000Z,0.4,10.1,1.23,0.79,2.14,1.208,589
2024-06-17T00:00:00.000Z,0.2,4.4,1,0.7,1.33,0.702,585
2024-06-18T00:00:00.000Z,0.3,8.52,1.82,0.8,3.26,1.824,584
2024-06-19T00:00:00.000Z,0.5,13.23,2.2,1.42,4.26,2.918,585
2024-06-20T00:00:00.000Z,0.45,5.8,1.58,0.98,2.29,0.977,583
2024-06-21T00:00:00.000Z,2.4,17.82,4.53,3.63,10,4.117,583
2024-06-22T00:00:00.000Z,1.45,9.38,2.83,2.2,4.88,1.891,582
2024-06-23T00:00:00.000Z,0.68,7.03,2.1,1.55,3.05,1.456,586
2024-06-24T00:00:00.000Z,0.9,6.35,1.7,1.38,2.67,1.255,584
2024-06-25T00:00:00.000Z,0.75,4.05,1.6,1.3,2.15,0.742,587
2024-06-26T00:00:00.000Z,1.1,4.57,2.2,1.77,2.7,0.718,585
2024-06-27T00:00:00.000Z,2.27,24.15,5.71,4.72,7.15,1.963,584
2024-06-28T00:00:00.000Z,0.8,18,4.45,1.92,7.99,4.629,589
2024-06-29T00:00:00.000Z,1.2,16.8,2.7,2.17,3.47,1.551,590
2024-06-30T00:00:00.000Z,0.5,19.63,3.21,1.6,6.85,4.455,588
2024-07-01T00:00:00.000Z,0.56,6.8,1.98,1.5,3.65,1.463,574
2024-07-02T00:00:00.000Z,0.6,4.72,1.63,1.33,1.98,0.689,581
2024-07-03T00:00:00.000Z,0.32,3.3,1.2,0.88,1.55,0.502,587
2024-07-04T00:00:00.000Z,0.68,6.95,1.51,1.1,2.33,1.64,586
2024-07-05T00:00:00.000Z,0.4,24.45,1.45,1.1,2.29,1.512,587
2024-07-06T00:00:00.000Z,0.52,5.9,1.35,1.01,1.8,0.626,589
2024-07-07T00:00:00.000Z,0.1,8.3,0.75,0.52,1.1,0.645,591
2024-07-08T00:00:00.000Z,0.22,5.07,0.98,0.7,1.35,0.59,586
2024-07-09T00:00:00.000Z,0.56,4.78,1.3,1.1,1.65,0.774,587
2024-07-10T00:00:00.000Z,1.35,16.67,6.43,3.69,8.41,3.362,589
2024-07-11T00:00:00.000Z,0.85,18.57,3.51,1.7,9.73,4.88,580
2024-07-12T00:00:00.000Z,0.7,14.25,4.13,3.1,8.35,3.371,590
2024-07-13T00:00:00.000Z,0.3,8.93,1.52,0.88,3.03,1.518,591
2024-07-14T00:00:00.000Z,0.5,6.72,1.75,1.1,2.83,1.575,591
2024-07-15T00:00:00.000Z,0.6,25.45,1.5,1.04,2.42,1.946,588
2024-07-16T00:00:00.000Z,1.1,5.15,2.33,1.8,3.17,0.893,590
2024-07-17T00:00:00.000Z,0.45,4.38,1.1,0.85,1.66,0.604,585
2024-07-18T00:00:00.000Z,0.52,9.38,1.4,1.1,1.94,0.927,585
2024-07-19T00:00:00.000Z,0.85,5.35,1.92,1.27,2.58,0.776,271
2024-07-21T00:00:00.000Z,3,13.15,5.22,4.55,5.78,1.071,183
2024-07-22T00:00:00.000Z,0.35,11.07,1.63,1.14,3.72,1.812,583
2024-07-23T00:00:00.000Z,0.4,5.53,1.77,1.26,3.42,1.266,589
2024-07-24T00:00:00.000Z,0.47,15,1.55,1.1,3.42,1.897,587
2024-07-25T00:00:00.000Z,0.3,4.38,1.08,0.75,1.4,0.493,585
2024-07-26T00:00:00.000Z,0.85,5.82,2.1,1.69,2.63,1.056,588
2024-07-27T00:00:00.000Z,2.4,20.98,5.21,4.05,8.77,3.285,590
2024-07-28T00:00:00.000Z,0.6,20.48,1.51,1.1,4.4,2.995,588
2024-07-29T00:00:00.000Z,0.4,12.35,1.1,0.82,1.7,1.205,587
2024-07-30T00:00:00.000Z,0.63,4.72,1.73,1.3,2.4,0.809,561
2024-07-31T00:00:00.000Z,1.2,32.54,2.66,1.95,3.4,3.325,552
2024-08-01T00:00:00.000Z,1.05,4.09,2.17,1.8,2.64,0.599,565
2024-08-02T00:00:00.000Z,1.14,3.7,1.88,1.67,2.2,0.45,578
2024-08-03T00:00:00.000Z,0.9,11.93,2.35,1.8,3.4,2.013,572
2024-08-04T00:00:00.000Z,0.6,22.67,4.65,1.51,7.06,4.288,548
2024-08-05T00:00:00.000Z,0.55,16.38,1.4,1,2.04,1.265,547
2024-08-06T00:00:00.000Z,0.75,4,1.8,1.3,2.62,0.796,553
2024-08-07T00:00:00.000Z,1.05,7.82,2.52,2.02,3.4,1.033,558
2024-08-08T00:00:00.000Z,0.63,6.53,2.08,1.12,3.9,1.535,567
2024-08-09T00:00:00.000Z,0.8,5.15,2.75,1.7,3.41,0.984,537
2024-08-10T00:00:00.000Z,0.55,20.52,2.12,1.45,2.95,1.429,546
2024-08-11T00:00:00.000Z,0.7,14.23,1.7,1.38,2.75,1.232,575
2024-08-12T00:00:00.000Z,1,4.65,1.63,1.4,1.9,0.538,543
2024-08-13T00:00:00.000Z,0.8,2.45,1.4,1.26,1.58,0.266,557
2024-08-14T00:00:00.000Z,0.88,52.4,1.88,1.48,3,3.297,524
2024-08-15T00:00:00.000Z,2.1,13.4,4.38,3.4,7.3,2.7,488
2024-08-16T00:00:00.000Z,1.12,10.75,2.78,1.98,7.57,3.062,454
2024-08-17T00:00:00.000Z,1.2,7.88,2.57,1.92,3.28,1.093,546
2024-08-18T00:00:00.000Z,0.8,12.18,4.63,2,5.94,2.733,541
2024-08-19T00:00:00.000Z,0.9,9.55,3.2,2.33,6.02,2.333,552
2024-08-20T00:00:00.000Z,2.6,7.28,4.25,3.7,5.45,1.059,516
2024-08-21T00:00:00.000Z,0.52,72.2,1.45,1.08,3.8,3.703,530
2024-08-22T00:00:00.000Z,0.7,6.53,1.7,1.3,2.85,1.078,541
2024-08-23T00:00:00.000Z,0.9,8.82,1.9,1.5,2.62,0.939,552
2024-08-24T00:00:00.000Z,0.85,57.65,3.75,1.95,4.76,3.124,553
2024-08-25T00:00:00.000Z,0.82,7.22,2.04,1.42,3.2,1.245,558
2024-08-26T00:00:00.000Z,1.6,5.63,2.8,2.29,3.8,0.948,548
2024-08-27T00:00:00.000Z,1.67,6.75,3.13,2.42,3.74,0.785,549
2024-08-28T00:00:00.000Z,2.72,10.88,4.57,3.76,5.93,1.65,553
2024-08-29T00:00:00.000Z,2.9,15.35,7.1,4.82,11.18,3.408,547
2024-08-30T00:00:00.000Z,0.9,9.4,4.07,3.17,6.68,2.076,543
2024-08-31T00:00:00.000Z,1.6,28.85,3.28,2.65,4.18,1.869,548
2024-09-01T00:00:00.000Z,2.1,5.8,3.47,2.8,4.29,0.841,553
2024-09-02T00:00:00.000Z,2.2,7.32,3.94,3.03,4.7,1.1,550
2024-09-03T00:00:00.000Z,6,28.48,8.52,7.9,9.93,2.008,555
2024-09-04T00:00:00.000Z,3.9,11.8,5.75,5.03,9.25,2.232,552
2024-09-05T00:00:00.000Z,4.07,9.27,6.18,5.43,7.06,1.079,553
2024-09-06T00:00:00.000Z,3.75,9.88,6.18,5.38,7.55,1.359,535
2024-09-07T00:00:00.000Z,3.85,9.3,6,5.38,6.5,0.759,479
2024-09-08T00:00:00.000Z,1.8,10.85,4.22,3.17,5.82,1.497,535
2024-09-09T00:00:00.000Z,0.52,8.65,2.4,1.58,5.04,2.122,556
2024-09-10T00:00:00.000Z,0.47,5.85,2.02,1.5,2.83,1.068,534
2024-09-11T00:00:00.000Z,0.1,6.3,1.2,0.64,2.2,0.916,561
2024-09-12T00:00:00.000Z,0.1,26.92,0.88,0.6,1.6,1.363,565
2024-09-13T00:00:00.000Z,0.2,3.58,0.95,0.66,1.4,0.581,517
2024-09-14T00:00:00.000Z,0.2,1.98,0.7,0.55,0.9,0.264,568
2024-09-15T00:00:00.000Z,0.28,2.02,0.8,0.6,1,0.292,544
2024-09-16T00:00:00.000Z,0.45,24.85,2.25,1.2,5.8,5.946,575
2024-09-17T00:00:00.000Z,8.55,23.52,13.24,11.2,17.17,3.488,550
2024-09-18T00:00:00.000Z,12,31.85,19.2,14.75,25.94,5.952,561
2024-09-19T00:00:00.000Z,3.45,29.98,8.69,5.2,17.85,8.093,558
2024-09-20T00:00:00.000Z,1.92,10.68,5.24,3.05,8.1,2.632,550
2024-09-21T00:00:00.000Z,1.95,12.02,6.49,3.47,7.85,2.612,564
2024-09-22T00:00:00.000Z,2.15,11.82,4.76,3.82,9.69,3.026,556
2024-09-23T00:00:00.000Z,2,8.1,4.7,3.57,5.43,1.151,553
2024-09-24T00:00:00.000Z,1.2,13.57,5.18,3.17,7.5,2.367,557
2024-09-25T00:00:00.000Z,0.56,4.88,2.08,1.3,2.57,0.716,556
2024-09-26T00:00:00.000Z,0.15,4.34,1.12,0.65,1.95,0.757,558
2024-09-27T00:00:00.000Z,0.03,2.6,0.6,0.35,0.77,0.33,414
2024-09-28T00:00:00.000Z,0.13,2.4,0.8,0.63,1.02,0.332,402
2024-09-29T00:00:00.000Z,0.3,5.38,1,0.75,2.2,1.058,566
2024-09-30T00:00:00.000Z,0.4,3.78,1.23,0.95,1.58,0.469,563
2024-10-01T00:00:00.000Z,1.08,13.05,5.24,2.21,9.02,3.478,564
2024-10-02T00:00:00.000Z,0.7,15.57,3.35,2.2,11.4,4.694,566
2024-10-03T00:00:00.000Z,0.4,3.28,0.98,0.8,1.17,0.318,551
2024-10-04T00:00:00.000Z,0.4,7.43,1.14,0.9,1.6,0.723,572
2024-10-05T00:00:00.000Z,0.6,4.7,1.9,1.48,2.27,0.605,567
2024-10-06T00:00:00.000Z,1.2,8.9,3.45,2.1,5.97,1.986,560
2024-10-07T00:00:00.000Z,2.08,11.07,6.75,3.88,8.25,2.411,572
2024-10-08T00:00:00.000Z,0.7,10.35,4.75,3.33,6.53,2.058,559
2024-10-09T00:00:00.000Z,0.28,7.4,1.3,0.9,2.08,1.48,557
2024-10-10T00:00:00.000Z,0,3.1,0.93,0.72,1.34,0.544,568
2024-10-11T00:00:00.000Z,0.32,5.47,1.38,1,2.58,1.108,571
2024-10-12T00:00:00.000Z,0.4,4.75,2.02,1.33,2.6,0.841,579
2024-10-13T00:00:00.000Z,0.28,8,1.1,0.77,2.02,0.819,573
2024-10-14T00:00:00.000Z,0.75,3.72,1.45,1.14,1.84,0.521,568
2024-10-15T00:00:00.000Z,0.3,10.38,1.98,1.27,2.4,0.829,551
2024-10-16T00:00:00.000Z,1.45,5.13,2.8,2.29,3.6,0.787,581
2024-10-17T00:00:00.000Z,1.77,6.13,3.42,2.78,4.22,0.905,551
2024-10-18T00:00:00.000Z,2.58,10.13,5.84,4.88,7.32,1.634,568
2024-10-19T00:00:00.000Z,3,10.43,4.7,4,7.05,1.919,562
2024-10-20T00:00:00.000Z,2.92,10.35,5.88,4.59,7.25,1.677,567
2024-10-21T00:00:00.000Z,2.15,11.57,5.93,3.47,6.75,1.808,572
2024-10-22T00:00:00.000Z,0.17,11.63,3.38,1.33,8.5,3.609,559
2024-10-23T00:00:00.000Z,0.63,10,4.18,2.6,6.1,1.995,579
2024-10-24T00:00:00.000Z,1.4,8.07,4.9,2.95,5.57,1.533,559
2024-10-25T00:00:00.000Z,5.8,18.57,10.27,8.15,13.02,3.09,512
2024-10-26T00:00:00.000Z,8.02,21.9,14.94,12.6,17.5,3.144,554
2024-10-27T00:00:00.000Z,8,21.38,11.37,9.89,15.68,3.178,552
2024-10-28T00:00:00.000Z,2.35,11.9,8.43,6,9.23,2.29,546
2024-10-29T00:00:00.000Z,3.92,12.55,6.22,5.46,7.07,1.439,564
2024-10-30T00:00:00.000Z,0.6,12.32,4.97,2.37,9.6,3.583,553
2024-10-31T00:00:00.000Z,0.98,9.77,2.29,1.8,3.55,1.862,556
2024-11-01T00:00:00.000Z,8.48,20,14.48,12.42,15.95,2.309,536
2024-11-02T00:00:00.000Z,0.43,15.18,1.65,1.14,5.78,3.295,523
2024-11-03T00:00:00.000Z,1.12,15.73,4,2.54,9.73,3.998,518
2024-11-04T00:00:00.000Z,1,9,5.2,3.7,6.65,1.808,428
2024-11-05T00:00:00.000Z,2.9,17.23,9.1,4.88,12.58,4.058,381
2024-11-06T00:00:00.000Z,4.68,18.85,10.52,7.5,12.48,3.44,378
2024-11-07T00:00:00.000Z,0.8,6.38,3.28,2.31,4.23,1.25,477
2024-11-08T00:00:00.000Z,4.3,20.95,9.07,6.8,13.95,4.155,423
2024-11-09T00:00:00.000Z,12.98,21.52,16.73,15.73,17.89,1.585,366
2024-11-10T00:00:00.000Z,10.18,19.85,14.43,13.13,15.52,1.715,350
2024-11-11T00:00:00.000Z,8.57,19.57,12.76,11.57,14.85,2.142,406
2024-11-12T00:00:00.000Z,5.28,19.1,11.01,7.25,13.77,3.41,292
2024-11-13T00:00:00.000Z,1.65,24.67,7.75,3.17,9.22,4.048,357
2024-11-14T00:00:00.000Z,1.17,8.3,2.45,1.99,4.47,1.819,325
2024-11-15T00:00:00.000Z,1.4,6.7,2.63,2.22,3.38,0.956,510
2024-11-16T00:00:00.000Z,2.47,8.65,5.13,4.5,5.88,1.067,533
2024-11-17T00:00:00.000Z,0.35,9.19,2.29,1.02,6.32,2.828,530
2024-11-18T00:00:00.000Z,0.3,2.1,0.95,0.73,1.2,0.361,492
2024-11-19T00:00:00.000Z,0.38,8.94,2.2,1.38,3.05,1.173,431
2024-11-20T00:00:00.000Z,0.47,4.7,1.83,1.35,2.83,0.898,420
2024-11-21T00:00:00.000Z,0.55,4.4,1.8,1.45,2.25,0.683,399
2024-11-22T00:00:00.000Z,1.17,5.28,2.54,2.1,3.17,0.784,419
2024-11-23T00:00:00.000Z,0.4,3.5,1.72,1.38,2.04,0.559,338
2024-11-24T00:00:00.000Z,0.4,5,1.32,1.1,1.58,0.554,414
2024-11-25T00:00:00.000Z,0.8,4.03,2.42,2.08,2.8,0.578,437
2024-11-26T00:00:00.000Z,1.2,8.3,3.13,2.6,4.01,1.177,576
2024-11-27T00:00:00.000Z,1.52,7.8,4.18,3.25,5.55,1.402,581
2024-11-28T00:00:00.000Z,0.1,5.38,0.7,0.4,1.29,1.168,589
2024-11-29T00:00:00.000Z,0.4,5.68,1.33,0.98,2.5,1.079,592
2024-11-30T00:00:00.000Z,1.1,8.4,3.3,2.58,5.07,1.663,590
2024-12-01T00:00:00.000Z,4.63,11.57,7.64,6.78,8.75,1.414,526
2024-12-02T00:00:00.000Z,2.83,9.43,4.8,4.22,5.32,0.989,589
2024-12-03T00:00:00.000Z,0.98,9.27,4.95,3.58,6.68,2.003,589
2024-12-04T00:00:00.000Z,1.75,8.15,3.83,3.15,4.38,0.934,587
2024-12-05T00:00:00.000Z,1.48,9.9,3.91,2.85,5.8,1.931,590
2024-12-06T00:00:00.000Z,1.58,9.75,4.55,3.53,5.25,1.219,580
2024-12-07T00:00:00.000Z,1,7.4,2.5,2,3.25,1.039,590
2024-12-08T00:00:00.000Z,4.09,18.14,9.9,7.03,11.65,2.984,587
2024-12-09T00:00:00.000Z,0.73,13.68,5.43,2.63,8.32,3.169,581
2024-12-10T00:00:00.000Z,1.58,14.27,5.45,3.78,7.05,2.063,549
2024-12-11T00:00:00.000Z,1.67,9.69,5.43,3.44,6.44,1.84,577
2024-12-12T00:00:00.000Z,4.47,10.5,6.9,6.25,7.55,0.989,572
2024-12-13T00:00:00.000Z,2.33,8.85,6.13,4.09,7.17,1.696,533
2024-12-14T00:00:00.000Z,4.22,16.89,9.75,8.52,11.02,1.668,507
2024-12-15T00:00:00.000Z,1.02,9.73,3.88,2.2,5.18,1.903,590
2024-12-16T00:00:00.000Z,0.17,3.92,1.1,0.7,1.42,0.568,491
2024-12-17T00:00:00.000Z,0.73,7.3,2.2,1.67,3.41,1.404,525
2024-12-18T00:00:00.000Z,0.9,4,1.83,1.5,2.62,0.688,532
2024-12-19T00:00:00.000Z,0.35,13.68,0.9,0.73,1.1,0.884,240
2024-12-20T00:00:00.000Z,0.35,3.9,1.42,1.1,1.84,0.575,433
2024-12-21T00:00:00.000Z,0.4,3.5,1.4,1.1,1.75,0.476,520
2024-12-22T00:00:00.000Z,0.17,3.05,0.93,0.56,1.42,0.576,590
2024-12-23T00:00:00.000Z,0.43,3.53,1.6,1.25,2,0.557,574
2024-12-24T00:00:00.000Z,0.1,5.85,1.2,0.9,3.03,1.374,559
2024-12-25T00:00:00.000Z,2.02,9.65,3.8,3.28,4.68,1.045,462
2024-12-26T00:00:00.000Z,2.65,6.97,4.68,3.96,5.48,0.931,189
2024-12-27T00:00:00.000Z,1.5,9.94,4.57,3.13,5.65,1.655,590
2024-12-28T00:00:00.000Z,3.7,11.75,7.07,5.32,8.52,1.89,590
2024-12-29T00:00:00.000Z,4.72,42.38,7.68,6.63,9.19,2.786,487
2024-12-30T00:00:00.000Z,2.6,10.32,4.88,3.92,7.88,2.204,267
2024-12-31T00:00:00.000Z,3.95,87.6,6.55,5.5,8.94,8.433,409
2025-01-01T00:00:00.000Z,0.82,28.17,2.25,1.67,5.05,2.787,560
2025-01-02T00:00:00.000Z,0.2,7.4,1.2,0.95,1.4,0.468,589
2025-01-03T00:00:00.000Z,0.15,2.85,0.85,0.68,1.05,0.341,580
2025-01-04T00:00:00.000Z,0.6,8.02,1.92,1.21,4.75,2.057,589
2025-01-05T00:00:00.000Z,1.9,7.93,4.65,3.65,5.32,1.106,587
2025-01-06T00:00:00.000Z,0.1,7.65,1.95,1.38,2.97,1.624,590
2025-01-07T00:00:00.000Z,0.03,3.1,0.47,0.3,0.7,0.404,589
2025-01-08T00:00:00.000Z,0.2,3.75,1.27,1,1.7,0.582,590
2025-01-09T00:00:00.000Z,0.3,6.8,3.33,1.95,4.2,1.424,587
2025-01-10T00:00:00.000Z,1.33,6.47,3.47,2.65,4.34,1.118,588
2025-01-11T00:00:00.000Z,0.32,4.97,1,0.7,1.6,0.978,589
2025-01-12T00:00:00.000Z,0.1,2.92,0.63,0.5,0.88,0.357,589
2025-01-13T00:00:00.000Z,0.1,7.2,2.1,1.33,2.9,1.492,537
2025-01-14T00:00:00.000Z,1.75,12.02,3.72,2.75,7.7,2.896,407
2025-01-15T00:00:00.000Z,1.48,11.7,4.72,3.03,6.96,2.494,589
2025-01-16T00:00:00.000Z,1.25,11.5,5.13,3.15,6.88,2.389,588
2025-01-17T00:00:00.000Z,4.28,16.17,8.48,7.4,10.44,2.529,584
2025-01-18T00:00:00.000Z,3.78,16.64,7.82,5.54,10.7,2.777,585
2025-01-19T00:00:00.000Z,4.32,23.05,8.73,7.02,11.85,3.831,585
2025-01-20T00:00:00.000Z,5.35,24.7,12.88,8.13,19.67,5.732,586
2025-01-21T00:00:00.000Z,8.18,17.57,11.05,10.07,12.35,1.714,584
2025-01-22T00:00:00.000Z,4.63,14.45,9.48,8.6,10.5,1.745,581
2025-01-23T00:00:00.000Z,1.98,12.68,5.03,3.75,7.62,2.452,585
2025-01-24T00:00:00.000Z,0.55,5.72,1.63,1.21,3.44,1.245,580
2025-01-25T00:00:00.000Z,0.3,6.13,1.2,1,1.5,0.632,541
2025-01-26T00:00:00.000Z,1.17,5.35,3.08,1.73,3.95,1.171,215
2025-01-27T00:00:00.000Z,0.08,3.83,1.05,0.7,1.4,0.589,490
2025-01-28T00:00:00.000Z,0.63,8.13,2.2,1.35,4.97,2.185,587
2025-01-29T00:00:00.000Z,0.22,4,1,0.73,1.8,0.758,585
2025-01-30T00:00:00.000Z,0.3,4.09,1.44,1.1,1.98,0.671,428
2025-01-31T00:00:00.000Z,0.2,2.95,1.14,0.8,1.5,0.515,457
2025-02-01T00:00:00.000Z,1.2,8.38,3.88,2.45,4.88,1.481,361
2025-02-02T00:00:00.000Z,1,10.15,4.2,3.15,5.35,1.507,497
2025-02-03T00:00:00.000Z,1.33,10.38,6.47,4.13,7.53,2.053,579
2025-02-04T00:00:00.000Z,5.78,16.1,10.35,8.66,11.72,1.991,581
2025-02-05T00:00:00.000Z,4.63,14.88,9.34,7.15,11.27,2.355,582
2025-02-06T00:00:00.000Z,1.5,11.05,5.55,3.85,7.1,2.097,583
2025-02-07T00:00:00.000Z,1.88,15.5,4.87,3.78,7.05,2.485,538
2025-02-08T00:00:00.000Z,6.28,16.23,11.23,8.43,12.85,2.461,525
2025-02-09T00:00:00.000Z,10.19,21.25,15.38,13.65,17.39,2.271,568
2025-02-10T00:00:00.000Z,9.63,23.08,17.8,15.63,18.89,2.633,574
2025-02-11T00:00:00.000Z,8.02,14.65,10.69,9.93,11.55,1.195,294
2025-02-12T00:00:00.000Z,12.2,26.8,17.85,16.5,19.2,2.123,506
2025-02-13T00:00:00.000Z,17.27,27.58,22.38,20.85,23.9,1.996,492
2025-02-14T00:00:00.000Z,0.7,20.1,2.08,1.35,5.29,4.814,305
2025-02-15T00:00:00.000Z,1.14,5.85,2.7,2.19,3.28,0.888,445
2025-02-16T00:00:00.000Z,0.93,7.9,4.72,3.4,5.82,1.648,339
2025-02-17T00:00:00.000Z,0.35,7.3,2.33,1.5,3.01,1.142,433
2025-02-18T00:00:00.000Z,0.8,11.05,4.32,2,6.65,2.671,525
2025-02-19T00:00:00.000Z,0.5,9.73,4.57,2.29,6.18,2.241,577
2025-02-20T00:00:00.000Z,3.13,11.38,6.62,5.79,7.45,1.424,568
2025-02-21T00:00:00.000Z,8.43,17.14,11.68,10.54,13.62,1.892,560
2025-02-22T00:00:00.000Z,4.88,14.88,9.3,7,11.45,2.557,583
2025-02-23T00:00:00.000Z,1.98,62.17,6.53,3.7,12.9,4.882,582
2025-02-24T00:00:00.000Z,0.52,11.25,3.17,1.55,7.05,3.032,583
2025-02-25T00:00:00.000Z,3.03,13.32,8.1,5.85,9.94,2.362,572
2025-02-26T00:00:00.000Z,2.7,18.7,12.74,9.98,15.68,3.53,574
2025-02-27T00:00:00.000Z,1.45,19.64,6.65,2.45,11.73,5.268,411
2025-02-28T00:00:00.000Z,5.43,9.35,7.03,6.62,7.68,0.758,101
2025-03-01T00:00:00.000Z,1.67,7.18,4.18,3.55,4.78,0.82,386
2025-03-02T00:00:00.000Z,0.63,13,3.97,1.6,6.3,3.151,569
2025-03-03T00:00:00.000Z,0.95,7.18,2.54,1.9,3.55,1.1,571
2025-03-04T00:00:00.000Z,3.05,17.42,5.05,4.5,5.8,1.262,573
2025-03-05T00:00:00.000Z,0.85,9.15,4.75,2.88,5.7,1.815,571
2025-03-06T00:00:00.000Z,3.6,6.47,4.76,4.4,5.14,0.522,148
2025-03-07T00:00:00.000Z,2.85,12.93,7.93,5.74,9.84,2.501,420
2025-03-08T00:00:00.000Z,5.57,14.05,9.85,8.59,11.48,1.92,568
2025-03-09T00:00:00.000Z,11,29.6,18.27,14.73,21.05,4.434,571
2025-03-10T00:00:00.000Z,6.07,28.02,23.02,14.91,24.79,5.974,565
2025-03-11T00:00:00.000Z,16.13,35.6,23.14,21.02,27.98,4.648,574
2025-03-12T00:00:00.000Z,1.25,35,5.15,3.05,16.42,10.919,587
2025-03-13T00:00:00.000Z,1.1,7.1,2.67,2.04,3.9,1.363,362
2025-03-14T00:00:00.000Z,1.83,6.7,3.94,3.28,4.71,0.984,224
2025-03-15T00:00:00.000Z,6.63,7.95,7.57,6.94,7.88,0.469,5
2025-03-18T00:00:00.000Z,2.58,6.05,3.88,3.32,4.34,0.88,69
2025-03-19T00:00:00.000Z,1.2,86.45,3.15,2.42,4.55,4.789,589
2025-03-20T00:00:00.000Z,2.27,13.55,4.65,3.9,5.68,1.586,573
2025-03-21T00:00:00.000Z,5.03,12,7.82,6.97,8.84,1.262,589
2025-03-22T00:00:00.000Z,3.65,12.9,7.65,6.35,9.44,2.201,589
2025-03-23T00:00:00.000Z,5.15,10.82,7.87,6.92,8.93,1.208,592
2025-03-24T00:00:00.000Z,5.82,15.23,9.38,7.78,11.35,2.152,571
2025-03-25T00:00:00.000Z,11.5,24.88,15.55,14.38,17.27,2.329,589
2025-03-26T00:00:00.000Z,0.6,23.35,3.55,1.6,16.8,7.609,588
2025-03-27T00:00:00.000Z,2.22,12.48,4.9,3.6,8.96,2.882,221
2025-03-28T00:00:00.000Z,1.6,16.2,6.05,4.12,8.72,3.335,452
2025-03-29T00:00:00.000Z,1.08,14.93,10.6,5.22,12.55,4.17,570
2025-03-30T00:00:00.000Z,0.6,10.19,1.98,1.5,2.7,0.923,342
2025-03-31T00:00:00.000Z,1.12,4.7,2.42,2,2.95,0.647,532
2025-04-01T00:00:00.000Z,0.38,6.38,2.78,1.32,3.65,1.409,201
2025-04-02T00:00:00.000Z,0.56,3.42,1.2,0.98,1.58,0.484,181
2025-04-03T00:00:00.000Z,0.3,13.2,1.42,1.02,1.85,0.84,575
2025-04-04T00:00:00.000Z,0.38,10.68,1.89,1.08,2.6,1.452,588
2025-04-05T00:00:00.000Z,0,8.57,0.73,0.4,1.9,2.214,554
2025-04-06T00:00:00.000Z,0.1,1.75,0.4,0.28,0.52,0.224,340
2025-04-07T00:00:00.000Z,0.13,2.29,0.65,0.43,1.08,0.388,331
2025-04-08T00:00:00.000Z,0.1,5.05,0.7,0.4,1.5,0.984,579
2025-04-09T00:00:00.000Z,0.7,5.4,2.13,1.55,3.09,1.048,556
2025-04-10T00:00:00.000Z,1.38,9.15,3.66,2.9,4.57,1.189,586
2025-04-11T00:00:00.000Z,2.35,17.14,3.75,3.25,5.18,2.326,583
2025-04-12T00:00:00.000Z,1.6,9.93,4.8,3.71,7.03,1.833,588
2025-04-13T00:00:00.000Z,0.8,8.02,2.2,1.63,4.59,1.933,563
2025-04-14T00:00:00.000Z,1.52,8.25,3.67,3.04,4.25,0.86,588
2025-04-15T00:00:00.000Z,1.2,6.65,2.42,2.08,4.57,1.419,573
2025-04-16T00:00:00.000Z,0.63,8.27,2.38,1.38,3.54,2.045,584
2025-04-17T00:00:00.000Z,1.48,14.65,3.17,2.7,6.6,3.522,591
2025-04-18T00:00:00.000Z,1.52,23.45,3.88,2.7,11.25,6.655,591
2025-04-19T00:00:00.000Z,0.47,7.05,3.13,1.52,3.72,1.305,507
2025-04-20T00:00:00.000Z,1.23,20.75,5.45,2.58,9.19,3.335,589
2025-04-21T00:00:00.000Z,0.6,17.64,3.25,1.65,6.24,3.286,588
2025-04-22T00:00:00.000Z,0.2,7.6,3.05,0.85,4.93,2.127,592
2025-04-23T00:00:00.000Z,1.77,10.6,4.3,3.45,6.65,1.803,591
2025-04-24T00:00:00.000Z,0.73,8.48,2.89,1.8,4.15,1.784,588
2025-04-25T00:00:00.000Z,0.25,9.69,1.25,0.8,5.38,2.564,591
2025-04-26T00:00:00.000Z,0.2,2.22,0.93,0.7,1.17,0.327,590
2025-04-27T00:00:00.000Z,0.82,3.38,1.63,1.38,1.95,0.432,590
2025-04-28T00:00:00.000Z,1.1,5.7,2.15,1.73,2.9,0.933,590
2025-04-29T00:00:00.000Z,0.6,6.18,1.42,1.08,3.39,1.372,589
2025-04-30T00:00:00.000Z,0.45,6.57,1.7,1,2.33,0.914,590
2025-05-01T00:00:00.000Z,0.55,4.8,1.75,1.1,2.25,0.691,592
2025-05-02T00:00:00.000Z,1.08,10.43,2.15,1.77,2.85,1.945,539
2025-05-03T00:00:00.000Z,0.52,10.27,1.67,1.12,2.7,1.106,490
2025-05-04T00:00:00.000Z,0.2,2.2,0.9,0.6,1.17,0.382,592
2025-05-05T00:00:00.000Z,0.2,2.78,0.65,0.5,0.8,0.264,590
2025-05-06T00:00:00.000Z,0.4,38.72,1.14,0.77,1.67,2.004,586
2025-05-07T00:00:00.000Z,0,3.53,0.73,0.4,1.41,0.698,588
2025-05-08T00:00:00.000Z,0.4,6.18,1.12,0.82,1.6,0.698,591
2025-05-09T00:00:00.000Z,0.35,12.6,1.3,0.8,1.95,0.933,587
2025-05-10T00:00:00.000Z,0.5,3.75,1.4,1.1,1.89,0.611,589
2025-05-11T00:00:00.000Z,0.47,4.15,1.45,1,2.29,0.881,591
2025-05-12T00:00:00.000Z,1,3.35,1.7,1.5,1.98,0.37,587
2025-05-13T00:00:00.000Z,0.8,6.18,1.83,1.25,2.89,0.979,589
2025-05-14T00:00:00.000Z,0.56,6.43,1.5,1.1,2.1,0.698,590
2025-05-15T00:00:00.000Z,0.17,2.65,1.05,0.65,1.45,0.489,591
2025-05-16T00:00:00.000Z,0.7,4.38,1.5,1.25,1.8,0.473,590
2025-05-17T00:00:00.000Z,0.1,3.35,1.1,0.8,1.38,0.472,591
2025-05-18T00:00:00.000Z,0.4,6.3,1.1,0.85,1.42,0.474,590
2025-05-19T00:00:00.000Z,0.75,5.35,2.1,1.65,2.78,1.012,592
2025-05-20T00:00:00.000Z,1.08,8.93,3.13,1.77,4.65,1.833,590
2025-05-21T00:00:00.000Z,0.68,8.77,1.73,1.4,2.08,0.629,590
2025-05-22T00:00:00.000Z,0.1,3.6,1.3,0.73,1.9,0.717,592
2025-05-23T00:00:00.000Z,0.1,4.3,0.82,0.6,1.2,0.421,591
2025-05-24T00:00:00.000Z,0.22,6.78,1.2,0.93,1.55,0.54,590
2025-05-25T00:00:00.000Z,0.9,8.3,1.88,1.48,2.54,1.84,590
2025-05-26T00:00:00.000Z,0.32,8.15,1.5,0.93,2.83,1.717,590
2025-05-27T00:00:00.000Z,0.73,12.82,1.62,1.26,2.75,1.092,592
2025-05-28T00:00:00.000Z,0.28,52.72,1.2,0.85,1.65,2.331,592
2025-05-29T00:00:00.000Z,0.35,2.5,1,0.8,1.25,0.342,590
2025-05-30T00:00:00.000Z,1,8.44,2.85,2.2,3.85,1.067,591
2025-05-31T00:00:00.000Z,1.1,24.73,2,1.7,2.39,1.416,593
2025-06-01T00:00:00.000Z,0.45,7.45,1.77,1.3,2.88,1.356,590
2025-06-02T00:00:00.000Z,2.25,9.05,4.34,3.67,5.54,1.218,588
2025-06-03T00:00:00.000Z,0.6,11.35,2.29,1.38,5.5,2.718,590
2025-06-04T00:00:00.000Z,2.04,25.73,4.07,2.88,7.14,3.227,584
2025-06-05T00:00:00.000Z,0.7,25.2,1.7,1.2,2.45,1.209,591
2025-06-06T00:00:00.000Z,0.25,4.25,1.2,0.8,1.69,0.609,589
2025-06-07T00:00:00.000Z,0.63,22.8,1.4,1.2,1.67,1.801,589
2025-06-08T00:00:00.000Z,0.4,5.57,1.6,1.14,2.5,1.051,587
2025-06-09T00:00:00.000Z,0.45,5.45,1.17,0.82,2.54,1.434,589
2025-06-10T00:00:00.000Z,1.3,12.88,7.13,6.13,10.03,2.419,588
2025-06-11T00:00:00.000Z,0.8,7.72,3.8,2.83,4.5,1.211,581
2025-06-12T00:00:00.000Z,0.35,11.52,1.3,1,1.88,1.29,522
2025-06-13T00:00:00.000Z,0.6,3.33,1.83,1.52,2.08,0.418,590
2025-06-14T00:00:00.000Z,1.48,5.5,3.19,2.88,3.67,0.737,590
2025-06-15T00:00:00.000Z,2.45,6.97,4.38,3.88,4.95,0.854,371
2025-06-16T00:00:00.000Z,1.02,3.17,2.1,1.85,2.38,0.401,452
2025-06-17T00:00:00.000Z,1.17,76.25,5.63,2.2,7.1,8.808,591
2025-06-18T00:00:00.000Z,2.5,9.43,6,4.78,7.2,1.564,591
2025-06-19T00:00:00.000Z,0.5,6.07,1.38,1.1,1.82,1.149,593
2025-06-20T00:00:00.000Z,0.68,13.13,1.48,1.25,1.88,1.002,588
2025-06-21T00:00:00.000Z,1.48,11,2.65,2.15,4.9,2.136,582
2025-06-22T00:00:00.000Z,2.1,181.88,4.84,3.5,6.8,9.425,587
2025-06-23T00:00:00.000Z,0.38,10.7,1.95,1.14,3.8,1.706,587
2025-06-24T00:00:00.000Z,0.4,3.08,1.2,0.93,1.58,0.472,590
2025-06-25T00:00:00.000Z,0.77,6.43,1.77,1.4,2.9,1.225,592
2025-06-26T00:00:00.000Z,0.45,5.93,1.8,1.48,2.2,0.693,592
2025-06-27T00:00:00.000Z,0.7,5.28,1.63,1.35,2.02,0.913,591
2025-06-28T00:00:00.000Z,1.12,4.55,2.02,1.77,2.45,0.569,591
2025-06-29T00:00:00.000Z,0.63,9,1.5,1.27,1.77,0.552,592
2025-06-30T00:00:00.000Z,0.6,4.09,1.65,1.35,1.98,0.533,420
2025-07-01T00:00:00.000Z,0.88,4.93,1.55,1.33,1.8,0.416,591
2025-07-02T00:00:00.000Z,0.8,4.9,1.8,1.5,2.2,0.516,589
2025-07-03T00:00:00.000Z,0.35,8.35,1.48,0.93,2.25,0.869,590
2025-07-04T00:00:00.000Z,0.38,6.05,1,0.8,1.42,0.682,587
2025-07-05T00:00:00.000Z,0.68,7.35,1.55,1.2,2,1.361,591
2025-07-06T00:00:00.000Z,0.5,7.85,1.77,1.27,2.16,0.838,540
2025-07-07T00:00:00.000Z,0.2,6,1.02,0.72,1.45,0.599,592
2025-07-08T00:00:00.000Z,0.5,6.18,1.21,0.98,1.65,0.598,592
2025-07-09T00:00:00.000Z,0.38,6.28,1.38,1.08,1.67,0.504,592
2025-07-10T00:00:00.000Z,0.9,4.13,1.88,1.58,2.2,0.484,593
2025-07-11T00:00:00.000Z,0.8,4.57,1.63,1.4,2,0.583,591
2025-07-12T00:00:00.000Z,0.95,7.22,2.62,2.13,3.28,0.804,592
2025-07-13T00:00:00.000Z,1.23,6.72,3.25,2.5,4.38,1.147,591
2025-07-14T00:00:00.000Z,1.42,11.6,4.09,2.9,5.65,1.695,593
2025-07-15T00:00:00.000Z,1.42,7.65,3.5,2.69,4.47,1.068,593
2025-07-16T00:00:00.000Z,0.63,6.18,1.72,1.34,2.27,0.965,592
2025-07-17T00:00:00.000Z,0.85,9.32,2.7,2,4.67,1.905,593
2025-07-18T00:00:00.000Z,1.63,10.85,3.85,3,4.93,1.265,592
2025-07-19T00:00:00.000Z,1.77,8.9,3.79,2.4,5.95,2.15,586
2025-07-20T00:00:00.000Z,2.29,6.47,3.9,3.38,4.75,0.875,587
2025-07-21T00:00:00.000Z,0.73,8.43,3.5,1.64,6.17,2.276,589
2025-07-22T00:00:00.000Z,0.5,7.07,1.89,1.3,2.92,1.444,588
2025-07-23T00:00:00.000Z,1.6,6.45,3.3,2.69,3.88,0.824,592
2025-07-24T00:00:00.000Z,1.35,7.07,2.63,2.12,3.63,0.983,593
2025-07-25T00:00:00.000Z,1.7,6.97,3.9,3.25,4.95,1.142,590
2025-07-26T00:00:00.000Z,0.7,9.18,2.33,1.48,4.8,2.223,589
2025-07-27T00:00:00.000Z,1.9,7.07,3.97,3.47,4.63,0.892,574
2025-07-28T00:00:00.000Z,1.2,41.42,2.97,2.25,4.25,2.323,591
2025-07-29T00:00:00.000Z,0.5,3.05,1.35,1,1.77,0.503,592
2025-07-30T00:00:00.000Z,0.63,3,1.45,1.14,1.83,0.454,593
2025-07-31T00:00:00.000Z,1.08,4.63,2.2,1.9,2.6,0.651,588
2025-08-01T00:00:00.000Z,1.38,5.43,2.67,2.33,3.17,0.72,589
2025-08-02T00:00:00.000Z,0.6,11.02,1.98,1.3,2.83,1.175,593
2025-08-03T00:00:00.000Z,0.3,5.22,1.4,1,1.83,0.669,593
2025-08-04T00:00:00.000Z,0.45,4.9,2.27,1.45,2.83,0.824,589
2025-08-05T00:00:00.000Z,0.5,5.6,1.75,1.3,3,1.064,563
2025-08-06T00:00:00.000Z,0.4,6.47,1.1,0.88,2.08,1.08,491
2025-08-07T00:00:00.000Z,0.6,9.25,2.2,1.12,2.85,1.158,564
2025-08-08T00:00:00.000Z,1.14,20.38,2.4,1.91,3.04,1.699,576
2025-08-09T00:00:00.000Z,1.92,13.45,3.95,3.14,5.09,1.562,569
2025-08-10T00:00:00.000Z,1.1,5.3,2.35,1.9,2.91,0.987,589
2025-08-11T00:00:00.000Z,1.2,4.34,2.33,1.9,2.8,0.622,593
2025-08-12T00:00:00.000Z,1.6,4.84,2.65,2.4,2.97,0.454,593
2025-08-13T00:00:00.000Z,1.58,5.55,2.5,2.25,2.8,0.472,576
2025-08-14T00:00:00.000Z,1.67,15.18,3.97,2.8,6.03,2.245,582
2025-08-15T00:00:00.000Z,3.3,12.1,5.75,4.97,6.2,1.026,489
2025-08-16T00:00:00.000Z,0.8,10.35,3.85,1.83,5.22,1.82,578
2025-08-17T00:00:00.000Z,0.5,4.22,1.27,1.05,1.55,0.385,588
2025-08-18T00:00:00.000Z,0.22,11.07,1.12,0.68,1.92,1.143,592
2025-08-19T00:00:00.000Z,0.35,24.2,1.67,0.8,2.33,1.3,592
2025-08-20T00:00:00.000Z,0.32,8.48,2.83,1.05,3.38,1.312,574
2025-08-21T00:00:00.000Z,0.28,1.8,0.73,0.6,0.98,0.268,371
2025-08-22T00:00:00.000Z,0.2,1.75,0.63,0.5,0.82,0.266,380
2025-08-23T00:00:00.000Z,0.1,3.78,0.6,0.4,0.8,0.387,584
2025-08-24T00:00:00.000Z,0.28,2.47,0.85,0.68,1.08,0.325,593
2025-08-25T00:00:00.000Z,0.32,4.7,0.98,0.73,1.7,1.036,591
2025-08-26T00:00:00.000Z,0.38,4.2,1.41,0.85,1.88,0.775,586
2025-08-27T00:00:00.000Z,0.93,9.69,2.4,1.42,4.75,1.766,592
2025-08-28T00:00:00.000Z,5.45,16.88,9.39,8.13,10.63,1.987,590
2025-08-29T00:00:00.000Z,3.53,12.55,9.52,7.25,10.4,2.334,592
2025-08-30T00:00:00.000Z,0.4,11.32,3.89,1.3,8.35,3.358,592
2025-08-31T00:00:00.000Z,0.35,7.93,1.55,1.02,3.55,1.919,591
2025-09-01T00:00:00.000Z,0.6,6.35,1.5,1.2,2.15,0.765,591
2025-09-02T00:00:00.000Z,0.7,5.3,2.38,1.6,3.05,1.006,591
2025-09-03T00:00:00.000Z,0.2,3.9,1.2,0.75,1.82,0.709,593
2025-09-04T00:00:00.000Z,0.32,8.35,1.1,0.82,1.58,0.825,591
2025-09-05T00:00:00.000Z,0.3,7.2,1.1,0.88,1.38,0.816,475
2025-09-06T00:00:00.000Z,0.75,1.65,0.95,0.88,1.24,0.284,8
2025-09-07T00:00:00.000Z,0.2,3.25,1,0.7,1.92,0.716,253
2025-09-08T00:00:00.000Z,0.88,6.63,2.69,1.64,4.28,1.477,308
2025-09-09T00:00:00.000Z,3.8,10.5,5.85,5.05,6.96,1.382,589
2025-09-10T00:00:00.000Z,2.5,10.27,6.05,4.59,7.68,1.747,558
2025-09-11T00:00:00.000Z,0.38,7.68,1.41,1,4.05,1.97,590
2025-09-12T00:00:00.000Z,0.2,6.7,0.93,0.7,1.27,0.58,592
2025-09-13T00:00:00.000Z,0.47,8.94,1.48,1.05,2.6,1.071,592
2025-09-14T00:00:00.000Z,0.2,4.7,1.88,0.9,2.41,0.989,592
2025-09-15T00:00:00.000Z,0.35,4.05,1.02,0.77,1.45,0.732,502
2025-09-16T00:00:00.000Z,0.25,2.33,0.93,0.73,1.12,0.323,591
2025-09-17T00:00:00.000Z,0.2,2.95,1.21,0.9,1.58,0.474,590
2025-09-18T00:00:00.000Z,0.47,7.32,1.5,1.15,1.87,0.585,589
2025-09-19T00:00:00.000Z,1.48,8.4,2.9,2.4,4.22,1.276,573
2025-09-20T00:00:00.000Z,1.42,6.88,3.05,2,4,1.276,463
2025-09-21T00:00:00.000Z,0.1,6.05,2.27,1.39,4.15,1.591,589
2025-09-22T00:00:00.000Z,0.2,2.7,0.95,0.75,1.23,0.363,589
2025-09-23T00:00:00.000Z,0,2.15,0.7,0.47,0.98,0.374,590
2025-09-24T00:00:00.000Z,0,1.9,0.55,0.38,0.7,0.268,590
2025-09-25T00:00:00.000Z,0.17,1.67,0.6,0.5,0.76,0.232,592
2025-09-26T00:00:00.000Z,0.5,2.13,1.02,0.85,1.2,0.267,590
2025-09-27T00:00:00.000Z,0.7,5.05,1.85,1.48,2.15,0.689,591
2025-09-28T00:00:00.000Z,1.02,4.28,2.04,1.7,2.46,0.525,585
2025-09-29T00:00:00.000Z,0.77,4.4,2.25,1.8,2.67,0.607,588
2025-09-30T00:00:00.000Z,0.75,5.93,3.03,1.95,3.8,1.097,590
2025-10-01T00:00:00.000Z,3.53,12.63,6.8,5.13,8,1.944,582
2025-10-02T00:00:00.000Z,1.35,8.57,5.85,2.13,6.8,2.274,571
2025-10-03T00:00:00.000Z,1.1,9.27,4.07,2.6,7,2.332,550
2025-10-04T00:00:00.000Z,0.43,5.63,3.33,1.45,3.95,1.312,583
2025-10-05T00:00:00.000Z,0.25,3.22,1.23,0.85,1.58,0.496,586
2025-10-06T00:00:00.000Z,0.4,3.97,1.6,1.3,1.95,0.516,588
2025-10-07T00:00:00.000Z,0.95,8.69,3.45,2.6,4.13,1.309,583
2025-10-08T00:00:00.000Z,0.75,8.15,3.88,2.5,5.32,1.746,589
2025-10-09T00:00:00.000Z,0.3,6.38,1.2,0.9,1.58,1.199,590
2025-10-10T00:00:00.000Z,0.75,4.55,2.2,1.88,2.54,0.575,589
2025-10-11T00:00:00.000Z,1.08,4.05,1.92,1.7,2.2,0.4,582
2025-10-12T00:00:00.000Z,0.68,3.9,1.67,1.38,2,0.493,583
2025-10-13T00:00:00.000Z,0.2,6.82,1.8,1.1,2.5,1.033,590
2025-10-14T00:00:00.000Z,0.65,8.73,2.58,1.65,3.78,1.511,583
2025-10-15T00:00:00.000Z,0.56,6.7,2.29,1.7,3.5,1.313,584
2025-10-16T00:00:00.000Z,0.88,5.32,2.65,1.9,3.35,0.98,502
2025-10-17T00:00:00.000Z,0.3,2.52,1.05,0.8,1.33,0.405,584
2025-10-18T00:00:00.000Z,0,12.7,0.55,0.32,3.06,2.861,592
2025-10-19T00:00:00.000Z,0.3,11.65,1.73,1,3.63,2.914,590
2025-10-20T00:00:00.000Z,1.12,3.8,2.2,1.85,2.54,0.476,592
2025-10-21T00:00:00.000Z,0.3,6.22,2.1,1.05,3.44,1.261,593
2025-10-22T00:00:00.000Z,0.45,8.57,2.4,1.67,4.09,1.788,591
2025-10-23T00:00:00.000Z,0.1,9.55,3.12,1.19,5.92,2.642,592
2025-10-24T00:00:00.000Z,0,4.32,0.68,0.4,0.9,0.408,592
2025-10-25T00:00:00.000Z,0.17,5.75,0.7,0.5,1,0.503,593
2025-10-26T00:00:00.000Z,0.1,4.68,0.9,0.65,1.1,0.439,593
2025-10-27T00:00:00.000Z,0.13,3.42,0.68,0.5,0.9,0.371,585
2025-10-28T00:00:00.000Z,0.38,3.8,1.17,0.95,1.42,0.392,592
2025-10-29T00:00:00.000Z,0.3,4.47,1.38,1.1,1.67,0.504,592
2025-10-30T00:00:00.000Z,0.3,11.23,1.12,0.9,1.4,0.577,593
2025-10-31T00:00:00.000Z,0.5,4.88,2.4,1.64,3.05,0.925,592
2025-11-01T00:00:00.000Z,1.27,6.6,3.13,2.5,4.13,1.158,593
2025-11-02T00:00:00.000Z,1,8.27,4.03,3.04,5.07,1.501,593
2025-11-03T00:00:00.000Z,0.35,6.85,1.45,1,3.05,1.346,592
2025-11-04T00:00:00.000Z,0.56,5.35,1.77,1.32,2.71,0.994,593
2025-11-05T00:00:00.000Z,0.56,6.3,3.45,1.63,4,1.296,591
2025-11-06T00:00:00.000Z,0.93,7.6,3.03,2.1,4.07,1.415,591
2025-11-07T00:00:00.000Z,2.65,15.5,7.81,5.15,11.15,3.265,588
2025-11-08T00:00:00.000Z,5.22,19.45,10.6,8.32,12.4,2.859,591
2025-11-09T00:00:00.000Z,8.57,19.8,13,12.02,14.2,2.14,591
2025-11-10T00:00:00.000Z,2.45,14.63,6.44,4.84,10.65,3.305,590
2025-11-11T00:00:00.000Z,3.42,9.43,5.4,4.7,6.35,1.201,592
2025-11-12T00:00:00.000Z,1.77,8.68,3.9,3.34,4.47,0.906,592
2025-11-13T00:00:00.000Z,0.8,10.7,2,1.63,2.35,0.792,593
2025-11-14T00:00:00.000Z,0.52,11.5,2.97,2.4,3.55,1.751,591
2025-11-15T00:00:00.000Z,0,4.88,1.4,0.6,3.22,1.36,575
2025-11-16T00:00:00.000Z,0.32,13.75,5.05,2.24,9.68,3.824,593
2025-11-17T00:00:00.000Z,0.3,5.25,2.28,0.98,3.79,1.417,589
2025-11-18T00:00:00.000Z,0.43,1.4,0.73,0.67,0.9,0.21,69