,date,pm25
0,2025-11-01,53.0
1,2025-11-02,47.0
2,2025-11-03,34.0
3,2025-11-04,38.0
4,2025-11-05,46.0
5,2025-11-06,49.0
6,2025-11-07,71.0
7,2025-11-08,80.0
8,2025-11-09,88.0
9,2025-11-10,61.0
10,2025-11-11,56.0
11,2025-11-12,56.0
12,2025-11-13,36.0
13,2025-11-14,47.0
14,2025-11-15,23.0
15,2025-11-16,47.0
16,2025-11-17,42.0
17,2025-10-01,61.0
18,2025-10-02,54.0
19,2025-10-03,61.0
20,2025-10-04,43.0
21,2025-10-05,25.0
22,2025-10-06,34.0
23,2025-10-07,40.0
24,2025-10-08,35.0
25,2025-10-09,31.0
26,2025-10-10,39.0
27,2025-10-11,36.0
28,2025-10-12,29.0
29,2025-10-13,24.0
30,2025-10-14,34.0
31,2025-10-15,34.0
32,2025-10-16,33.0
33,2025-10-17,26.0
34,2025-10-18,21.0
35,2025-10-19,50.0
36,2025-10-20,39.0
37,2025-10-21,42.0
38,2025-10-22,45.0
39,2025-10-23,42.0
40,2025-10-24,18.0
41,2025-10-25,18.0
42,2025-10-26,19.0
43,2025-10-27,16.0
44,2025-10-28,23.0
45,2025-10-29,32.0
46,2025-10-30,22.0
47,2025-10-31,42.0
48,2025-07-01,40.0
49,2025-07-02,37.0
50,2025-07-03,31.0
51,2025-07-04,23.0
52,2025-07-05,32.0
53,2025-07-06,30.0
54,2025-07-07,20.0
55,2025-07-08,27.0
56,2025-07-09,26.0
57,2025-07-10,39.0
58,2025-07-11,26.0
59,2025-07-12,28.0
60,2025-07-13,32.0
61,2025-07-14,41.0
62,2025-07-15,45.0
63,2025-07-16,32.0
64,2025-07-17,38.0
65,2025-07-18,39.0
66,2025-07-19,44.0
67,2025-07-20,42.0
68,2025-07-21,45.0
69,2025-07-22,30.0
70,2025-07-23,45.0
71,2025-07-24,41.0
72,2025-07-25,42.0
73,2025-07-26,34.0
74,2025-07-27,38.0
75,2025-07-28,36.0
76,2025-07-29,27.0
77,2025-07-30,28.0
78,2025-07-31,34.0
79,2025-08-01,34.0
80,2025-08-02,30.0
81,2025-08-03,26.0
82,2025-08-04,35.0
83,2025-08-05,37.0
84,2025-08-06,25.0
85,2025-08-07,36.0
86,2025-08-08,35.0
87,2025-08-09,44.0
88,2025-08-10,36.0
89,2025-08-11,32.0
90,2025-08-12,37.0
91,2025-08-13,39.0
92,2025-08-14,48.0
93,2025-08-15,56.0
94,2025-08-16,44.0
95,2025-08-17,34.0
96,2025-08-18,20.0
97,2025-08-19,30.0
98,2025-08-20,41.0
99,2025-08-21,21.0
100,2025-08-22,20.0
101,2025-08-23,15.0
102,2025-08-24,20.0
103,2025-08-25,27.0
104,2025-08-26,29.0
105,2025-08-27,44.0
106,2025-08-28,64.0
107,2025-08-29,60.0
108,2025-08-30,50.0
109,2025-08-31,35.0
110,2025-09-01,31.0
111,2025-09-02,32.0
112,2025-09-03,31.0
113,2025-09-04,31.0
114,2025-09-05,30.0
115,2025-09-06,27.0
116,2025-09-07,31.0
117,2025-09-08,31.0
118,2025-09-09,56.0
119,2025-09-10,61.0
120,2025-09-11,35.0
121,2025-09-12,22.0
122,2025-09-13,30.0
123,2025-09-14,30.0
124,2025-09-15,25.0
125,2025-09-16,24.0
126,2025-09-17,32.0
127,2025-09-18,28.0
128,2025-09-19,39.0
129,2025-09-20,46.0
130,2025-09-21,41.0
131,2025-09-22,23.0
132,2025-09-23,21.0
133,2025-09-24,16.0
134,2025-09-25,17.0
135,2025-09-26,23.0
136,2025-09-27,34.0
137,2025-09-28,43.0
138,2025-09-29,37.0
139,2025-09-30,42.0
140,2025-04-01,34.0
141,2025-04-02,49.0
142,2025-04-03,30.0
143,2025-04-04,40.0
144,2025-04-05,29.0
145,2025-04-06,15.0
146,2025-04-07,19.0
147,2025-04-08,31.0
148,2025-04-09,44.0
149,2025-04-10,54.0
150,2025-04-11,66.0
151,2025-04-12,61.0
152,2025-04-13,50.0
153,2025-04-14,52.0
154,2025-04-15,51.0
155,2025-04-16,43.0
156,2025-04-17,64.0
157,2025-04-18,62.0
158,2025-04-19,33.0
159,2025-04-20,68.0
160,2025-04-21,53.0
161,2025-04-22,38.0
162,2025-04-23,61.0
163,2025-04-24,38.0
164,2025-04-25,37.0
165,2025-04-26,21.0
166,2025-04-27,31.0
167,2025-04-28,44.0
168,2025-04-29,42.0
169,2025-04-30,33.0
170,2025-05-01,37.0
171,2025-05-02,48.0
172,2025-05-03,41.0
173,2025-05-04,29.0
174,2025-05-05,18.0
175,2025-05-06,28.0
176,2025-05-07,24.0
177,2025-05-08,23.0
178,2025-05-09,36.0
179,2025-05-10,32.0
180,2025-05-11,32.0
181,2025-05-12,37.0
182,2025-05-13,41.0
183,2025-05-14,40.0
184,2025-05-15,28.0
185,2025-05-16,34.0
186,2025-05-17,28.0
187,2025-05-18,30.0
188,2025-05-19,33.0
189,2025-05-20,46.0
190,2025-05-21,38.0
191,2025-05-22,39.0
192,2025-05-23,20.0
193,2025-05-24,29.0
194,2025-05-25,36.0
195,2025-05-26,33.0
196,2025-05-27,41.0
197,2025-05-28,25.0
198,2025-05-29,22.0
199,2025-05-30,38.0
200,2025-05-31,35.0
201,2025-06-01,35.0
202,2025-06-02,50.0
203,2025-06-03,39.0
204,2025-06-04,50.0
205,2025-06-05,35.0
206,2025-06-06,24.0
207,2025-06-07,24.0
208,2025-06-08,26.0
209,2025-06-09,24.0
210,2025-06-10,58.0
211,2025-06-11,39.0
212,2025-06-12,29.0
213,2025-06-13,23.0
214,2025-06-14,34.0
215,2025-06-15,44.0
216,2025-06-16,33.0
217,2025-06-17,39.0
218,2025-06-18,51.0
219,2025-06-19,30.0
220,2025-06-20,29.0
221,2025-06-21,33.0
222,2025-06-22,45.0
223,2025-06-23,37.0
224,2025-06-24,31.0
225,2025-06-25,34.0
226,2025-06-26,35.0
227,2025-06-27,33.0
228,2025-06-28,35.0
229,2025-06-29,25.0
230,2025-06-30,31.0
231,2025-01-01,61.0
232,2025-01-02,24.0
233,2025-01-03,19.0
234,2025-01-04,36.0
235,2025-01-05,56.0
236,2025-01-06,37.0
237,2025-01-07,15.0
238,2025-01-08,26.0
239,2025-01-09,38.0
240,2025-01-10,39.0
241,2025-01-11,25.0
242,2025-01-12,16.0
243,2025-01-13,41.0
244,2025-01-14,56.0
245,2025-01-15,48.0
246,2025-01-16,45.0
247,2025-01-17,62.0
248,2025-01-18,71.0
249,2025-01-19,73.0
250,2025-01-20,94.0
251,2025-01-21,78.0
252,2025-01-22,74.0
253,2025-01-23,55.0
254,2025-01-24,36.0
255,2025-01-25,26.0
256,2025-01-26,33.0
257,2025-01-27,28.0
258,2025-01-28,39.0
259,2025-01-29,26.0
260,2025-01-30,30.0
261,2025-01-31,28.0
262,2025-02-01,52.0
263,2025-02-02,48.0
264,2025-02-03,66.0
265,2025-02-04,89.0
266,2025-02-05,72.0
267,2025-02-06,52.0
268,2025-02-07,55.0
269,2025-02-08,81.0
270,2025-02-09,99.0
271,2025-02-10,108.0
272,2025-02-11,89.0
273,2025-02-12,121.0
274,2025-02-13,135.0
275,2025-02-14,56.0
276,2025-02-15,45.0
277,2025-02-16,47.0
278,2025-02-17,42.0
279,2025-02-18,58.0
280,2025-02-19,70.0
281,2025-02-20,74.0
282,2025-02-21,97.0
283,2025-02-22,81.0
284,2025-02-23,78.0
285,2025-02-24,63.0
286,2025-02-25,60.0
287,2025-02-26,76.0
288,2025-02-27,58.0
289,2025-02-28,56.0
290,2025-03-01,42.0
291,2025-03-02,51.0
292,2025-03-03,49.0
293,2025-03-04,64.0
294,2025-03-05,58.0
295,2025-03-06,68.0
296,2025-03-07,77.0
297,2025-03-08,78.0
298,2025-03-09,112.0
299,2025-03-10,128.0
300,2025-03-11,121.0
301,2025-03-12,80.0
302,2025-03-13,53.0
303,2025-03-14,52.0
304,2025-03-15,71.0
305,2025-03-16,64.0
306,2025-03-17,17.0
307,2025-03-18,40.0
308,2025-03-19,64.0
309,2025-03-20,71.0
310,2025-03-21,74.0
311,2025-03-22,68.0
312,2025-03-23,76.0
313,2025-03-24,79.0
314,2025-03-25,96.0
315,2025-03-26,61.0
316,2025-03-27,57.0
317,2025-03-28,58.0
318,2025-03-29,69.0
319,2025-03-30,36.0
320,2025-03-31,39.0
321,2024-10-01,45.0
322,2024-10-02,47.0
323,2024-10-03,18.0
324,2024-10-04,19.0
325,2024-10-05,25.0
326,2024-10-06,35.0
327,2024-10-07,56.0
328,2024-10-08,53.0
329,2024-10-09,27.0
330,2024-10-10,25.0
331,2024-10-11,30.0
332,2024-10-12,38.0
333,2024-10-13,26.0
334,2024-10-14,32.0
335,2024-10-15,34.0
336,2024-10-16,43.0
337,2024-10-17,50.0
338,2024-10-18,59.0
339,2024-10-19,58.0
340,2024-10-20,64.0
341,2024-10-21,53.0
342,2024-10-22,44.0
343,2024-10-23,57.0
344,2024-10-24,58.0
345,2024-10-25,76.0
346,2024-10-26,87.0
347,2024-10-27,71.0
348,2024-10-28,58.0
349,2024-10-29,52.0
350,2024-10-30,43.0
351,2024-10-31,35.0
352,2024-11-01,71.0
353,2024-11-02,40.0
354,2024-11-03,58.0
355,2024-11-04,49.0
356,2024-11-05,61.0
357,2024-11-06,71.0
358,2024-11-07,34.0
359,2024-11-08,63.0
360,2024-11-09,91.0
361,2024-11-10,87.0
362,2024-11-11,76.0
363,2024-11-12,63.0
364,2024-11-13,51.0
365,2024-11-14,43.0
366,2024-11-15,56.0
367,2024-11-16,54.0
368,2024-11-17,32.0
369,2024-11-18,20.0
370,2024-11-19,31.0
371,2024-11-20,28.0
372,2024-11-21,31.0
373,2024-11-22,41.0
374,2024-11-23,32.0
375,2024-11-24,30.0
376,2024-11-25,45.0
377,2024-11-26,45.0
378,2024-11-27,45.0
379,2024-11-28,17.0
380,2024-11-29,26.0
381,2024-11-30,47.0
382,2024-12-01,68.0
383,2024-12-02,57.0
384,2024-12-03,50.0
385,2024-12-04,37.0
386,2024-12-05,47.0
387,2024-12-06,44.0
388,2024-12-07,39.0
389,2024-12-08,63.0
390,2024-12-09,44.0
391,2024-12-10,50.0
392,2024-12-11,51.0
393,2024-12-12,62.0
394,2024-12-13,58.0
395,2024-12-14,71.0
396,2024-12-15,42.0
397,2024-12-16,17.0
398,2024-12-17,38.0
399,2024-12-18,36.0
400,2024-12-19,20.0
401,2024-12-20,31.0
402,2024-12-21,31.0
403,2024-12-22,21.0
404,2024-12-23,32.0
405,2024-12-24,37.0
406,2024-12-25,57.0
407,2024-12-26,47.0
408,2024-12-27,43.0
409,2024-12-28,63.0
410,2024-12-29,66.0
411,2024-07-01,40.0
412,2024-07-02,30.0
413,2024-07-03,29.0
414,2024-07-04,31.0
415,2024-07-05,30.0
416,2024-07-06,28.0
417,2024-07-07,20.0
418,2024-07-08,23.0
419,2024-07-09,28.0
420,2024-07-10,58.0
421,2024-07-11,46.0
422,2024-07-12,41.0
423,2024-07-13,23.0
424,2024-07-14,33.0
425,2024-07-15,50.0
426,2024-07-16,42.0
427,2024-07-17,22.0
428,2024-07-18,24.0
429,2024-07-19,30.0
430,2024-07-20,38.0
431,2024-07-21,47.0
432,2024-07-22,36.0
433,2024-07-23,29.0
434,2024-07-24,33.0
435,2024-07-25,27.0
436,2024-07-26,39.0
437,2024-07-27,46.0
438,2024-07-28,27.0
439,2024-07-29,22.0
440,2024-07-30,26.0
441,2024-07-31,37.0
442,2024-08-01,37.0
443,2024-08-02,39.0
444,2024-08-03,40.0
445,2024-08-04,45.0
446,2024-08-05,30.0
447,2024-08-06,40.0
448,2024-08-07,43.0
449,2024-08-08,39.0
450,2024-08-09,49.0
451,2024-08-10,33.0
452,2024-08-11,35.0
453,2024-08-12,31.0
454,2024-08-13,27.0
455,2024-08-14,33.0
456,2024-08-15,46.0
457,2024-08-16,39.0
458,2024-08-17,32.0
459,2024-08-18,44.0
460,2024-08-19,37.0
461,2024-08-20,50.0
462,2024-08-21,36.0
463,2024-08-22,32.0
464,2024-08-23,30.0
465,2024-08-24,32.0
466,2024-08-25,27.0
467,2024-08-26,36.0
468,2024-08-27,44.0
469,2024-08-28,52.0
470,2024-08-29,57.0
471,2024-08-30,47.0
472,2024-08-31,33.0
473,2024-09-01,37.0
474,2024-09-02,39.0
475,2024-09-03,60.0
476,2024-09-04,60.0
477,2024-09-05,65.0
478,2024-09-06,65.0
479,2024-09-07,65.0
480,2024-09-08,48.0
481,2024-09-09,38.0
482,2024-09-10,35.0
483,2024-09-11,26.0
484,2024-09-12,21.0
485,2024-09-13,21.0
486,2024-09-14,17.0
487,2024-09-15,16.0
488,2024-09-16,33.0
489,2024-09-17,80.0
490,2024-09-18,87.0
491,2024-09-19,72.0
492,2024-09-20,61.0
493,2024-09-21,64.0
494,2024-09-22,68.0
495,2024-09-23,58.0
496,2024-09-24,52.0
497,2024-09-25,26.0
498,2024-09-26,22.0
499,2024-09-27,16.0
500,2024-09-28,17.0
501,2024-09-29,24.0
502,2024-09-30,26.0
503,2024-04-01,91.0
504,2024-04-02,30.0
505,2024-04-03,41.0
506,2024-04-04,26.0
507,2024-04-05,26.0
508,2024-04-06,30.0
509,2024-04-07,40.0
510,2024-04-08,54.0
511,2024-04-09,53.0
512,2024-04-10,26.0
513,2024-04-11,35.0
514,2024-04-12,41.0
515,2024-04-13,38.0
516,2024-04-14,25.0
517,2024-04-15,32.0
518,2024-04-16,26.0
519,2024-04-17,19.0
520,2024-04-18,21.0
521,2024-04-19,26.0
522,2024-04-20,19.0
523,2024-04-21,31.0
524,2024-04-22,28.0
525,2024-04-23,38.0
526,2024-04-24,55.0
527,2024-04-25,47.0
528,2024-04-26,35.0
529,2024-04-27,51.0
530,2024-04-28,35.0
531,2024-04-29,24.0
532,2024-04-30,41.0
533,2024-05-01,42.0
534,2024-05-02,42.0
535,2024-05-03,42.0
536,2024-05-04,54.0
537,2024-05-05,43.0
538,2024-05-06,26.0
539,2024-05-07,35.0
540,2024-05-08,33.0
541,2024-05-09,36.0
542,2024-05-10,46.0
543,2024-05-11,51.0
544,2024-05-12,23.0
545,2024-05-13,31.0
546,2024-05-14,31.0
547,2024-05-15,30.0
548,2024-05-16,39.0
549,2024-05-17,45.0
550,2024-05-18,33.0
551,2024-05-19,49.0
552,2024-05-20,47.0
553,2024-05-21,51.0
554,2024-05-22,49.0
555,2024-05-23,56.0
556,2024-05-24,64.0
557,2024-05-25,53.0
558,2024-05-26,40.0
559,2024-05-27,40.0
560,2024-05-28,41.0
561,2024-05-29,37.0
562,2024-05-30,46.0
563,2024-05-31,36.0
564,2024-06-01,55.0
565,2024-06-02,60.0
566,2024-06-03,55.0
567,2024-06-04,41.0
568,2024-06-05,46.0
569,2024-06-06,50.0
570,2024-06-07,54.0
571,2024-06-08,57.0
572,2024-06-09,23.0
573,2024-06-10,35.0
574,2024-06-11,24.0
575,2024-06-12,21.0
576,2024-06-13,20.0
577,2024-06-14,43.0
578,2024-06-15,35.0
579,2024-06-16,30.0
580,2024-06-17,25.0
581,2024-06-18,27.0
582,2024-06-19,35.0
583,2024-06-20,30.0
584,2024-06-21,57.0
585,2024-06-22,47.0
586,2024-06-23,40.0
587,2024-06-24,35.0
588,2024-06-25,35.0
589,2024-06-26,38.0
590,2024-06-27,57.0
591,2024-06-28,49.0
592,2024-06-29,43.0
593,2024-06-30,47.0
594,2024-01-01,65.0
595,2024-01-02,26.0
596,2024-01-03,16.0
597,2024-01-04,13.0
598,2024-01-05,39.0
599,2024-01-06,66.0
600,2024-01-07,29.0
601,2024-01-08,47.0
602,2024-01-09,68.0
603,2024-01-10,110.0
604,2024-01-11,53.0
605,2024-01-12,49.0
606,2024-01-13,28.0
607,2024-01-14,26.0
608,2024-01-15,25.0
609,2024-01-16,34.0
610,2024-01-17,56.0
611,2024-01-18,72.0
612,2024-01-19,45.0
613,2024-01-20,52.0
614,2024-01-21,44.0
615,2024-01-22,26.0
616,2024-01-23,34.0
617,2024-01-24,29.0
618,2024-01-25,40.0
619,2024-01-26,45.0
620,2024-01-27,43.0
621,2024-01-28,56.0
622,2024-01-29,55.0
623,2024-01-30,64.0
624,2024-01-31,28.0
625,2024-02-01,41.0
626,2024-02-02,52.0
627,2024-02-03,33.0
628,2024-02-04,26.0
629,2024-02-05,35.0
630,2024-02-06,29.0
631,2024-02-07,25.0
632,2024-02-08,53.0
633,2024-02-09,41.0
634,2024-02-10,56.0
635,2024-02-11,75.0
636,2024-02-12,37.0
637,2024-02-13,46.0
638,2024-02-14,43.0
639,2024-02-15,45.0
640,2024-02-16,50.0
641,2024-02-17,27.0
642,2024-02-18,40.0
643,2024-02-19,20.0
644,2024-02-20,37.0
645,2024-02-21,51.0
646,2024-02-22,24.0
647,2024-02-23,21.0
648,2024-02-24,37.0
649,2024-02-25,38.0
650,2024-02-26,61.0
651,2024-02-27,56.0
652,2024-02-28,52.0
653,2024-02-29,67.0
654,2024-03-01,94.0
655,2024-03-02,95.0
656,2024-03-03,85.0
657,2024-03-04,104.0
658,2024-03-05,73.0
659,2024-03-06,72.0
660,2024-03-07,88.0
661,2024-03-08,76.0
662,2024-03-09,86.0
663,2024-03-10,76.0
664,2024-03-11,61.0
665,2024-03-12,60.0
666,2024-03-13,67.0
667,2024-03-14,54.0
668,2024-03-15,57.0
669,2024-03-16,26.0
670,2024-03-17,26.0
671,2024-03-18,25.0
672,2024-03-19,53.0
673,2024-03-20,65.0
674,2024-03-21,59.0
675,2024-03-22,59.0
676,2024-03-23,28.0
677,2024-03-24,28.0
678,2024-03-25,27.0
679,2024-03-26,39.0
680,2024-03-27,37.0
681,2024-03-28,36.0
682,2024-03-29,17.0
683,2024-03-30,87.0
684,2024-03-31,141.0
685,2023-10-01,41.0
686,2023-10-02,47.0
687,2023-10-03,45.0
688,2023-10-04,32.0
689,2023-10-05,31.0
690,2023-10-06,44.0
691,2023-10-07,32.0
692,2023-10-08,20.0
693,2023-10-09,38.0
694,2023-10-10,42.0
695,2023-10-11,50.0
696,2023-10-12,40.0
697,2023-10-13,45.0
698,2023-10-16,33.0
699,2023-10-17,40.0
700,2023-10-18,57.0
701,2023-10-19,70.0
702,2023-10-20,35.0
703,2023-10-21,55.0
704,2023-10-22,46.0
705,2023-10-23,40.0
706,2023-10-24,60.0
707,2023-10-25,57.0
708,2023-10-26,50.0
709,2023-10-27,55.0
710,2023-10-28,47.0
711,2023-10-29,32.0
712,2023-10-30,22.0
713,2023-10-31,27.0
714,2023-11-01,29.0
715,2023-11-02,35.0
716,2023-11-03,34.0
717,2023-11-04,23.0
718,2023-11-05,19.0
719,2023-11-06,19.0
720,2023-11-07,20.0
721,2023-11-08,30.0
722,2023-11-09,23.0
723,2023-11-10,24.0
724,2023-11-11,33.0
725,2023-11-12,40.0
726,2023-11-13,40.0
727,2023-11-14,27.0
728,2023-11-15,25.0
729,2023-11-16,24.0
730,2023-11-17,28.0
731,2023-11-18,40.0
732,2023-11-19,35.0
733,2023-11-20,25.0
734,2023-11-21,42.0
735,2023-11-22,47.0
736,2023-11-23,38.0
737,2023-11-24,19.0
738,2023-11-25,20.0
739,2023-11-26,25.0
740,2023-11-27,55.0
741,2023-11-28,50.0
742,2023-11-29,49.0
743,2023-11-30,54.0
744,2023-12-01,60.0
745,2023-12-02,52.0
746,2023-12-03,53.0
747,2023-12-04,67.0
748,2023-12-05,85.0
749,2023-12-06,87.0
750,2023-12-07,68.0
751,2023-12-08,69.0
752,2023-12-09,68.0
753,2023-12-10,35.0
754,2023-12-11,22.0
755,2023-12-12,42.0
756,2023-12-13,58.0
757,2023-12-14,48.0
758,2023-12-15,57.0
759,2023-12-16,52.0
760,2023-12-17,45.0
761,2023-12-18,51.0
762,2023-12-19,44.0
763,2023-12-20,31.0
764,2023-12-21,16.0
765,2023-12-22,20.0
766,2023-12-23,14.0
767,2023-12-24,17.0
768,2023-12-25,15.0
769,2023-12-26,15.0
770,2023-12-27,30.0
771,2023-12-28,28.0
772,2023-12-29,21.0
773,2023-12-30,26.0
774,2023-12-31,55.0
775,2023-07-01,36.0
776,2023-07-02,36.0
777,2023-07-03,45.0
778,2023-07-04,42.0
779,2023-07-05,42.0
780,2023-07-06,25.0
781,2023-07-07,22.0
782,2023-07-08,36.0
783,2023-07-09,34.0
784,2023-07-10,43.0
785,2023-07-11,37.0
786,2023-07-12,36.0
787,2023-07-13,33.0
788,2023-07-14,31.0
789,2023-07-15,37.0
790,2023-07-16,28.0
791,2023-07-17,33.0
792,2023-07-18,26.0
793,2023-07-19,32.0
794,2023-07-20,29.0
795,2023-07-21,31.0
796,2023-07-22,35.0
797,2023-07-23,34.0
798,2023-07-24,26.0
799,2023-07-25,33.0
800,2023-07-26,24.0
801,2023-07-27,34.0
802,2023-07-28,31.0
803,2023-07-29,35.0
804,2023-07-30,32.0
805,2023-07-31,30.0
806,2023-08-01,28.0
807,2023-08-02,36.0
808,2023-08-03,22.0
809,2023-08-04,32.0
810,2023-08-05,33.0
811,2023-08-06,44.0
812,2023-08-07,27.0
813,2023-08-08,24.0
814,2023-08-09,23.0
815,2023-08-10,32.0
816,2023-08-11,41.0
817,2023-08-12,47.0
818,2023-08-13,30.0
819,2023-08-14,39.0
820,2023-08-15,39.0
821,2023-08-16,35.0
822,2023-08-17,34.0
823,2023-08-18,45.0
824,2023-08-19,54.0
825,2023-08-20,42.0
826,2023-08-21,38.0
827,2023-08-22,33.0
828,2023-08-23,42.0
829,2023-08-24,40.0
830,2023-08-25,53.0
831,2023-08-26,32.0
832,2023-08-27,40.0
833,2023-08-28,29.0
834,2023-08-29,33.0
835,2023-08-30,29.0
836,2023-08-31,29.0
837,2023-09-01,40.0
838,2023-09-02,56.0
839,2023-09-03,38.0
840,2023-09-04,41.0
841,2023-09-05,38.0
842,2023-09-06,44.0
843,2023-09-07,51.0
844,2023-09-10,61.0
845,2023-09-11,67.0
846,2023-09-12,59.0
847,2023-09-13,38.0
848,2023-09-14,26.0
849,2023-09-15,30.0
850,2023-09-16,36.0
851,2023-09-17,53.0
852,2023-09-18,45.0
853,2023-09-19,28.0
854,2023-09-20,32.0
855,2023-09-21,35.0
856,2023-09-22,37.0
857,2023-09-23,27.0
858,2023-09-24,38.0
859,2023-09-25,44.0
860,2023-09-26,59.0
861,2023-09-27,63.0
862,2023-09-28,68.0
863,2023-09-29,65.0
864,2023-09-30,32.0
865,2023-04-01,32.0
866,2023-04-02,22.0
867,2023-04-03,19.0
868,2023-04-04,25.0
869,2023-04-05,37.0
870,2023-04-06,50.0
871,2023-04-07,48.0
872,2023-04-08,67.0
873,2023-04-09,80.0
874,2023-04-10,69.0
875,2023-04-11,32.0
876,2023-04-12,32.0
877,2023-04-13,39.0
878,2023-04-14,42.0
879,2023-04-15,56.0
880,2023-04-16,61.0
881,2023-04-17,66.0
882,2023-04-18,60.0
883,2023-04-19,39.0
884,2023-04-20,57.0
885,2023-04-21,62.0
886,2023-04-22,61.0
887,2023-04-23,52.0
888,2023-04-24,29.0
889,2023-04-25,32.0
890,2023-04-26,31.0
891,2023-04-27,34.0
892,2023-04-28,55.0
893,2023-04-29,60.0
894,2023-04-30,34.0
895,2023-05-01,52.0
896,2023-05-02,44.0
897,2023-05-03,35.0
898,2023-05-04,42.0
899,2023-05-05,44.0
900,2023-05-06,44.0
901,2023-05-07,39.0
902,2023-05-08,37.0
903,2023-05-09,38.0
904,2023-05-10,45.0
905,2023-05-11,47.0
906,2023-05-12,46.0
907,2023-05-13,48.0
908,2023-05-14,53.0
909,2023-05-15,56.0
910,2023-05-16,43.0
911,2023-05-17,32.0
912,2023-05-18,29.0
913,2023-05-19,26.0
914,2023-05-20,45.0
915,2023-05-21,61.0
916,2023-05-22,40.0
917,2023-05-23,52.0
918,2023-05-24,45.0
919,2023-05-25,52.0
920,2023-05-26,48.0
921,2023-05-27,31.0
922,2023-05-28,37.0
923,2023-05-29,31.0
924,2023-05-30,32.0
925,2023-05-31,32.0
926,2023-06-01,47.0
927,2023-06-02,37.0
928,2023-06-03,19.0
929,2023-06-04,20.0
930,2023-06-05,24.0
931,2023-06-06,39.0
932,2023-06-07,39.0
933,2023-06-08,44.0
934,2023-06-09,44.0
935,2023-06-10,49.0
936,2023-06-11,42.0
937,2023-06-12,43.0
938,2023-06-13,39.0
939,2023-06-14,42.0
940,2023-06-15,42.0
941,2023-06-16,49.0
942,2023-06-17,56.0
943,2023-06-18,62.0
944,2023-06-19,72.0
945,2023-06-20,82.0
946,2023-06-21,67.0
947,2023-06-22,44.0
948,2023-06-23,51.0
949,2023-06-24,43.0
950,2023-06-25,46.0
951,2023-06-26,52.0
952,2023-06-27,31.0
953,2023-06-28,29.0
954,2023-06-29,39.0
955,2023-06-30,49.0
956,2023-01-02,36.0
957,2023-01-03,43.0
958,2023-01-04,33.0
959,2023-01-05,17.0
960,2023-01-06,31.0
961,2023-01-07,41.0
962,2023-01-08,49.0
963,2023-01-09,43.0
964,2023-01-10,45.0
965,2023-01-11,27.0
966,2023-01-12,28.0
967,2023-01-13,16.0
968,2023-01-14,27.0
969,2023-01-15,14.0
970,2023-01-16,25.0
971,2023-01-17,29.0
972,2023-01-18,62.0
973,2023-01-19,62.0
974,2023-01-20,71.0
975,2023-01-21,42.0
976,2023-01-22,42.0
977,2023-01-23,62.0
978,2023-01-24,74.0
979,2023-01-25,66.0
980,2023-01-26,54.0
981,2023-01-27,36.0
982,2023-01-28,27.0
983,2023-01-29,58.0
984,2023-01-30,38.0
985,2023-01-31,32.0
986,2023-02-01,27.0
987,2023-02-02,27.0
988,2023-02-03,34.0
989,2023-02-04,18.0
990,2023-02-05,39.0
991,2023-02-06,62.0
992,2023-02-07,85.0
993,2023-02-08,97.0
994,2023-02-09,59.0
995,2023-02-10,79.0
996,2023-02-11,72.0
997,2023-02-12,37.0
998,2023-02-13,47.0
999,2023-02-14,67.0
1000,2023-02-15,88.0
1001,2023-02-16,89.0
1002,2023-02-17,55.0
1003,2023-02-18,21.0
1004,2023-02-19,22.0
1005,2023-02-20,38.0
1006,2023-02-21,32.0
1007,2023-02-22,53.0
1008,2023-02-23,80.0
1009,2023-02-24,38.0
1010,2023-02-25,17.0
1011,2023-02-26,17.0
1012,2023-02-27,27.0
1013,2023-02-28,41.0
1014,2023-03-01,62.0
1015,2023-03-02,70.0
1016,2023-03-03,63.0
1017,2023-03-04,39.0
1018,2023-03-05,24.0
1019,2023-03-06,30.0
1020,2023-03-07,40.0
1021,2023-03-08,39.0
1022,2023-03-09,66.0
1023,2023-03-10,52.0
1024,2023-03-11,36.0
1025,2023-03-12,31.0
1026,2023-03-13,33.0
1027,2023-03-14,17.0
1028,2023-03-15,27.0
1029,2023-03-16,27.0
1030,2023-03-17,43.0
1031,2023-03-18,56.0
1032,2023-03-19,80.0
1033,2023-03-20,56.0
1034,2023-03-21,69.0
1035,2023-03-22,47.0
1036,2023-03-23,26.0
1037,2023-03-24,33.0
1038,2023-03-25,18.0
1039,2023-03-26,23.0
1040,2023-03-27,22.0
1041,2023-03-28,18.0
1042,2023-03-29,50.0
1043,2023-03-30,44.0
1044,2023-03-31,26.0
1045,2022-10-01,46.0
1046,2022-10-02,34.0
1047,2022-10-03,33.0
1048,2022-10-04,40.0
1049,2022-10-05,43.0
1050,2022-10-06,33.0
1051,2022-10-07,51.0
1052,2022-10-08,46.0
1053,2022-10-09,35.0
1054,2022-10-10,44.0
1055,2022-10-11,44.0
1056,2022-10-12,59.0
1057,2022-10-13,75.0
1058,2022-10-14,72.0
1059,2022-10-15,59.0
1060,2022-10-16,35.0
1061,2022-10-17,51.0
1062,2022-10-18,56.0
1063,2022-10-19,26.0
1064,2022-10-20,38.0
1065,2022-10-21,57.0
1066,2022-10-22,59.0
1067,2022-10-23,49.0
1068,2022-10-24,39.0
1069,2022-10-25,38.0
1070,2022-10-26,52.0
1071,2022-10-27,55.0
1072,2022-10-28,53.0
1073,2022-10-29,65.0
1074,2022-10-30,87.0
1075,2022-10-31,93.0
1076,2022-11-01,76.0
1077,2022-11-02,39.0
1078,2022-11-03,47.0
1079,2022-11-04,69.0
1080,2022-11-05,45.0
1081,2022-11-06,52.0
1082,2022-11-07,55.0
1083,2022-11-08,37.0
1084,2022-11-09,37.0
1085,2022-11-10,47.0
1086,2022-11-11,41.0
1087,2022-11-12,63.0
1088,2022-11-13,71.0
1089,2022-11-14,87.0
1090,2022-11-15,81.0
1091,2022-11-16,70.0
1092,2022-11-17,58.0
1093,2022-11-18,65.0
1094,2022-11-19,48.0
1095,2022-11-20,63.0
1096,2022-11-21,67.0
1097,2022-11-22,71.0
1098,2022-11-23,77.0
1099,2022-11-24,97.0
1100,2022-11-25,84.0
1101,2022-11-26,65.0
1102,2022-11-27,65.0
1103,2022-11-28,76.0
1104,2022-11-29,93.0
1105,2022-11-30,109.0
1106,2022-12-01,94.0
1107,2022-12-02,78.0
1108,2022-12-03,98.0
1109,2022-12-04,110.0
1110,2022-12-05,81.0
1111,2022-12-06,48.0
1112,2022-12-07,42.0
1113,2022-12-08,48.0
1114,2022-12-09,62.0
1115,2022-12-10,64.0
1116,2022-12-11,59.0
1117,2022-12-12,50.0
1118,2022-12-13,64.0
1119,2022-12-14,84.0
1120,2022-12-15,109.0
1121,2022-12-16,114.0
1122,2022-12-17,82.0
1123,2022-12-18,75.0
1124,2022-12-19,68.0
1125,2022-12-20,61.0
1126,2022-12-21,65.0
1127,2022-12-22,55.0
1128,2022-12-23,53.0
1129,2022-12-24,45.0
1130,2022-12-25,52.0
1131,2022-12-26,28.0
1132,2022-12-27,33.0
1133,2022-12-28,31.0
1134,2022-12-29,22.0
1135,2022-12-30,30.0
1136,2022-12-31,28.0
1137,2023-01-01,59.0
1138,2022-07-01,51.0
1139,2022-07-02,39.0
1140,2022-07-03,36.0
1141,2022-07-04,31.0
1142,2022-07-05,29.0
1143,2022-07-06,20.0
1144,2022-07-07,28.0
1145,2022-07-08,35.0
1146,2022-07-09,29.0
1147,2022-07-10,23.0
1148,2022-07-11,25.0
1149,2022-07-12,21.0
1150,2022-07-13,24.0
1151,2022-07-14,27.0
1152,2022-07-15,24.0
1153,2022-07-16,18.0
1154,2022-07-17,27.0
1155,2022-07-18,35.0
1156,2022-07-19,37.0
1157,2022-07-20,45.0
1158,2022-07-21,56.0
1159,2022-07-22,40.0
1160,2022-07-23,37.0
1161,2022-07-24,22.0
1162,2022-07-25,39.0
1163,2022-07-26,32.0
1164,2022-07-27,24.0
1165,2022-07-28,30.0
1166,2022-07-29,35.0
1167,2022-07-30,28.0
1168,2022-07-31,45.0
1169,2022-08-01,32.0
1170,2022-08-02,34.0
1171,2022-08-03,39.0
1172,2022-08-04,46.0
1173,2022-08-05,38.0
1174,2022-08-06,17.0
1175,2022-08-07,25.0
1176,2022-08-08,32.0
1177,2022-08-09,31.0
1178,2022-08-10,32.0
1179,2022-08-11,35.0
1180,2022-08-12,31.0
1181,2022-08-13,47.0
1182,2022-08-14,49.0
1183,2022-08-15,54.0
1184,2022-08-16,58.0
1185,2022-08-17,55.0
1186,2022-08-18,56.0
1187,2022-08-19,57.0
1188,2022-08-20,56.0
1189,2022-08-21,32.0
1190,2022-08-22,36.0
1191,2022-08-23,40.0
1192,2022-08-24,53.0
1193,2022-08-25,61.0
1194,2022-08-26,65.0
1195,2022-08-27,50.0
1196,2022-08-28,50.0
1197,2022-08-29,40.0
1198,2022-08-30,29.0
1199,2022-08-31,17.0
1200,2022-09-01,18.0
1201,2022-09-02,21.0
1202,2022-09-03,26.0
1203,2022-09-04,29.0
1204,2022-09-05,48.0
1205,2022-09-06,35.0
1206,2022-09-07,46.0
1207,2022-09-08,54.0
1208,2022-09-09,33.0
1209,2022-09-10,32.0
1210,2022-09-11,53.0
1211,2022-09-12,35.0
1212,2022-09-13,49.0
1213,2022-09-14,35.0
1214,2022-09-15,32.0
1215,2022-09-16,23.0
1216,2022-09-17,27.0
1217,2022-09-18,24.0
1218,2022-09-19,26.0
1219,2022-09-20,23.0
1220,2022-09-21,29.0
1221,2022-09-22,29.0
1222,2022-09-23,48.0
1223,2022-09-24,63.0
1224,2022-09-25,63.0
1225,2022-09-26,34.0
1226,2022-09-27,25.0
1227,2022-09-28,31.0
1228,2022-09-29,50.0
1229,2022-09-30,56.0
1230,2022-04-01,38.0
1231,2022-04-02,27.0
1232,2022-04-03,28.0
1233,2022-04-04,50.0
1234,2022-04-05,32.0
1235,2022-04-06,46.0
1236,2022-04-07,25.0
1237,2022-04-08,23.0
1238,2022-04-09,27.0
1239,2022-04-10,25.0
1240,2022-04-11,32.0
1241,2022-04-12,47.0
1242,2022-04-13,59.0
1243,2022-04-14,53.0
1244,2022-04-15,47.0
1245,2022-04-16,23.0
1246,2022-04-17,36.0
1247,2022-04-18,42.0
1248,2022-04-19,29.0
1249,2022-04-20,36.0
1250,2022-04-21,53.0
1251,2022-04-22,60.0
1252,2022-04-23,59.0
1253,2022-04-24,49.0
1254,2022-04-25,49.0
1255,2022-04-26,43.0
1256,2022-04-27,42.0
1257,2022-04-28,53.0
1258,2022-04-29,53.0
1259,2022-04-30,51.0
1260,2022-05-01,43.0
1261,2022-05-02,51.0
1262,2022-05-03,41.0
1263,2022-05-04,53.0
1264,2022-05-05,54.0
1265,2022-05-06,48.0
1266,2022-05-07,47.0
1267,2022-05-08,37.0
1268,2022-05-09,46.0
1269,2022-05-10,46.0
1270,2022-05-11,54.0
1271,2022-05-12,34.0
1272,2022-05-13,46.0
1273,2022-05-14,48.0
1274,2022-05-15,29.0
1275,2022-05-16,32.0
1276,2022-05-17,46.0
1277,2022-05-18,41.0
1278,2022-05-19,47.0
1279,2022-05-20,45.0
1280,2022-05-21,34.0
1281,2022-05-22,26.0
1282,2022-05-23,33.0
1283,2022-05-24,33.0
1284,2022-05-25,31.0
1285,2022-05-26,30.0
1286,2022-05-27,37.0
1287,2022-05-28,24.0
1288,2022-05-29,28.0
1289,2022-05-30,32.0
1290,2022-05-31,30.0
1291,2022-06-01,37.0
1292,2022-06-02,33.0
1293,2022-06-03,40.0
1294,2022-06-04,35.0
1295,2022-06-05,51.0
1296,2022-06-06,47.0
1297,2022-06-07,34.0
1298,2022-06-08,31.0
1299,2022-06-09,40.0
1300,2022-06-10,34.0
1301,2022-06-11,36.0
1302,2022-06-12,45.0
1303,2022-06-13,28.0
1304,2022-06-14,28.0
1305,2022-06-15,41.0
1306,2022-06-16,35.0
1307,2022-06-17,28.0
1308,2022-06-18,44.0
1309,2022-06-19,56.0
1310,2022-06-20,37.0
1311,2022-06-21,28.0
1312,2022-06-22,30.0
1313,2022-06-23,34.0
1314,2022-06-24,42.0
1315,2022-06-25,67.0
1316,2022-06-26,63.0
1317,2022-06-27,53.0
1318,2022-06-28,30.0
1319,2022-06-29,24.0
1320,2022-06-30,51.0
1321,2022-02-21,22.0
1322,2022-02-22,34.0
1323,2022-02-23,38.0
1324,2022-02-24,37.0
1325,2022-02-25,27.0
1326,2022-02-26,38.0
1327,2022-02-27,66.0
1328,2022-02-28,60.0
1329,2022-03-01,64.0
1330,2022-03-02,85.0
1331,2022-03-03,78.0
1332,2022-03-04,51.0
1333,2022-03-05,55.0
1334,2022-03-06,52.0
1335,2022-03-07,46.0
1336,2022-03-08,48.0
1337,2022-03-09,73.0
1338,2022-03-10,72.0
1339,2022-03-11,59.0
1340,2022-03-12,64.0
1341,2022-03-13,66.0
1342,2022-03-14,75.0
1343,2022-03-15,71.0
1344,2022-03-16,69.0
1345,2022-03-17,116.0
1346,2022-03-18,41.0
1347,2022-03-19,62.0
1348,2022-03-20,88.0
1349,2022-03-21,72.0
1350,2022-03-22,72.0
1351,2022-03-23,89.0
1352,2022-03-24,83.0
1353,2022-03-25,89.0
1354,2022-03-26,73.0
1355,2022-03-27,57.0
1356,2022-03-28,50.0
1357,2022-03-29,55.0
1358,2022-03-30,40.0
1359,2022-03-31,44.0
1360,2024-12-31,
1361,2023-10-15,
1362,2023-09-09,
1363,2022-01-03,
1364,2022-01-04,
1365,2022-01-05,
1366,2022-01-06,
1367,2022-01-07,
1368,2022-01-08,
1369,2022-01-09,
1370,2022-01-10,
1371,2022-01-11,
1372,2022-01-12,
1373,2022-01-13,
1374,2022-01-14,
1375,2022-01-15,
1376,2022-01-16,
1377,2022-01-17,
1378,2022-01-18,
1379,2022-01-19,
1380,2022-01-20,
1381,2022-01-21,
1382,2022-01-22,
1383,2022-01-23,
1384,2022-01-24,
1385,2022-01-25,
1386,2022-01-26,
1387,2022-01-27,
1388,2022-01-28,
1389,2022-01-29,
1390,2022-01-30,
1391,2022-01-31,
1392,2022-02-01,
1393,2022-02-02,
1394,2022-02-03,
1395,2022-02-04,
1396,2022-02-05,
1397,2022-02-06,
1398,2022-02-07,
1399,2022-02-08,
1400,2022-02-09,
1401,2022-02-10,
1402,2022-02-11,
1403,2022-02-12,
1404,2022-02-13,
1405,2022-02-14,
1406,2022-02-15,
1407,2022-02-16,
1408,2022-02-17,
1409,2022-02-18,
1410,2022-02-19,
1411,2022-02-20,
1412,2021-10-01,
1413,2021-10-02,
1414,2021-10-03,
1415,2021-10-04,
1416,2021-10-05,
1417,2021-10-06,
1418,2021-10-07,
1419,2021-10-08,
1420,2021-10-09,
1421,2021-10-10,
1422,2021-10-11,
1423,2021-10-12,
1424,2021-10-13,
1425,2021-10-14,
1426,2021-10-15,
1427,2021-10-16,
1428,2021-10-17,
1429,2021-10-18,
1430,2021-10-19,
1431,2021-10-20,
1432,2021-10-21,
1433,2021-10-22,
1434,2021-10-23,
1435,2021-10-24,
1436,2021-10-25,
1437,2021-10-26,
1438,2021-10-27,
1439,2021-10-28,
1440,2021-10-29,
1441,2021-10-30,
1442,2021-10-31,
1443,2021-11-01,
1444,2021-11-02,
1445,2021-11-03,
1446,2021-11-04,
1447,2021-11-05,
1448,2021-11-06,
1449,2021-11-07,
1450,2021-11-08,
1451,2021-11-09,
1452,2021-11-10,
1453,2021-11-11,
1454,2021-11-12,
1455,2021-11-13,
1456,2021-11-14,
1457,2021-11-15,
1458,2021-11-16,
1459,2021-11-17,
1460,2021-11-18,
1461,2021-11-19,
1462,2021-11-20,
1463,2021-11-21,
1464,2021-11-22,
1465,2021-11-23,
1466,2021-11-24,
1467,2021-11-25,
1468,2021-11-26,
1469,2021-11-27,
1470,2021-11-28,
1471,2021-11-29,
1472,2021-11-30,
1473,2021-12-01,
1474,2021-12-02,
1475,2021-12-03,
1476,2021-12-04,
1477,2021-12-05,
1478,2021-12-06,
1479,2021-12-07,
1480,2021-12-08,
1481,2021-12-09,
1482,2021-12-10,
1483,2021-12-11,
1484,2021-12-12,
1485,2021-12-13,
1486,2021-12-14,
1487,2021-12-15,
1488,2021-12-16,
1489,2021-12-17,
1490,2021-12-18,
1491,2021-12-19,
1492,2021-12-20,
1493,2021-12-21,
1494,2021-12-22,
1495,2021-12-23,
1496,2021-12-24,
1497,2021-12-25,
1498,2021-12-26,
1499,2021-12-27,
1500,2021-12-28,
1501,2021-12-29,
1502,2021-12-30,
1503,2021-12-31,
1504,2022-01-01,
1505,2022-01-02,
1506,2021-07-01,
1507,2021-07-02,
1508,2021-07-03,
1509,2021-07-04,
1510,2021-07-05,
1511,2021-07-06,
1512,2021-07-07,
1513,2021-07-08,
1514,2021-07-09,
1515,2021-07-10,
1516,2021-07-11,
1517,2021-07-12,
1518,2021-07-13,
1519,2021-07-14,
1520,2021-07-15,
1521,2021-07-16,
1522,2021-07-17,
1523,2021-07-18,
1524,2021-07-19,
1525,2021-07-20,
1526,2021-07-21,
1527,2021-07-22,
1528,2021-07-30,
1529,2021-07-31,
1530,2021-08-01,
1531,2021-08-02,
1532,2021-08-03,
1533,2021-08-04,
1534,2021-08-05,
1535,2021-08-06,
1536,2021-08-07,
1537,2021-08-08,
1538,2021-08-09,
1539,2021-08-10,
1540,2021-08-11,
1541,2021-08-12,
1542,2021-08-13,
1543,2021-08-14,
1544,2021-08-15,
1545,2021-08-16,
1546,2021-08-17,
1547,2021-08-18,
1548,2021-08-19,
1549,2021-08-20,
1550,2021-08-21,
1551,2021-08-22,
1552,2021-08-23,
1553,2021-08-24,
1554,2021-08-25,
1555,2021-08-26,
1556,2021-08-27,
1557,2021-08-28,
1558,2021-08-29,
1559,2021-08-30,
1560,2021-08-31,
1561,2021-09-01,
1562,2021-09-02,
1563,2021-09-03,
1564,2021-09-04,
1565,2021-09-05,
1566,2021-09-06,
1567,2021-09-07,
1568,2021-09-08,
1569,2021-09-09,
1570,2021-09-10,
1571,2021-09-11,
1572,2021-09-12,
1573,2021-09-13,
1574,2021-09-14,
1575,2021-09-15,
1576,2021-09-16,
1577,2021-09-17,
1578,2021-09-18,
1579,2021-09-19,
1580,2021-09-20,
1581,2021-09-21,
1582,2021-09-22,
1583,2021-09-23,
1584,2021-09-24,
1585,2021-09-25,
1586,2021-09-26,
1587,2021-09-27,
1588,2021-09-28,
1589,2021-09-29,
1590,2021-09-30,
1591,2021-04-01,
1592,2021-04-02,
1593,2021-04-03,
1594,2021-04-04,
1595,2021-04-05,
1596,2021-04-06,
1597,2021-04-07,
1598,2021-04-08,
1599,2021-04-09,
1600,2021-04-10,
1601,2021-04-11,
1602,2021-04-12,
1603,2021-04-13,
1604,2021-04-14,
1605,2021-04-15,
1606,2021-04-16,
1607,2021-04-17,
1608,2021-04-18,
1609,2021-04-19,
1610,2021-04-20,
1611,2021-04-21,
1612,2021-04-22,
1613,2021-04-23,
1614,2021-04-24,
1615,2021-04-25,
1616,2021-04-26,
1617,2021-04-27,
1618,2021-04-28,
1619,2021-04-29,
1620,2021-04-30,
1621,2021-05-01,
1622,2021-05-02,
1623,2021-05-03,
1624,2021-05-04,
1625,2021-05-05,
1626,2021-05-06,
1627,2021-05-07,
1628,2021-05-08,
1629,2021-05-09,
1630,2021-05-10,
1631,2021-05-11,
1632,2021-05-12,
1633,2021-05-13,
1634,2021-05-14,
1635,2021-05-15,
1636,2021-05-16,
1637,2021-05-17,
1638,2021-05-18,
1639,2021-05-19,
1640,2021-05-20,
1641,2021-05-21,
1642,2021-05-22,
1643,2021-05-23,
1644,2021-05-24,
1645,2021-05-25,
1646,2021-05-26,
1647,2021-05-27,
1648,2021-05-28,
1649,2021-05-29,
1650,2021-05-30,
1651,2021-05-31,
1652,2021-06-01,
1653,2021-06-02,
1654,2021-06-03,
1655,2021-06-04,
1656,2021-06-05,
1657,2021-06-06,
1658,2021-06-07,
1659,2021-06-08,
1660,2021-06-09,
1661,2021-06-10,
1662,2021-06-11,
1663,2021-06-12,
1664,2021-06-13,
1665,2021-06-14,
1666,2021-06-15,
1667,2021-06-16,
1668,2021-06-17,
1669,2021-06-18,
1670,2021-06-19,
1671,2021-06-20,
1672,2021-06-21,
1673,2021-06-22,
1674,2021-06-23,
1675,2021-06-24,
1676,2021-06-25,
1677,2021-06-26,
1678,2021-06-27,
1679,2021-06-28,
1680,2021-06-29,
1681,2021-06-30,
1682,2021-01-04,
1683,2021-01-05,
1684,2021-01-06,
1685,2021-01-07,
1686,2021-01-08,
1687,2021-01-09,
1688,2021-01-10,
1689,2021-01-11,
1690,2021-01-12,
1691,2021-01-13,
1692,2021-01-14,
1693,2021-01-15,
1694,2021-01-16,
1695,2021-01-17,
1696,2021-01-18,
1697,2021-01-19,
1698,2021-01-20,
1699,2021-01-21,
1700,2021-01-22,
1701,2021-01-23,
1702,2021-01-24,
1703,2021-01-25,
1704,2021-01-26,
1705,2021-01-27,
1706,2021-01-28,
1707,2021-01-29,
1708,2021-01-30,
1709,2021-01-31,
1710,2021-02-01,
1711,2021-02-02,
1712,2021-02-03,
1713,2021-02-04,
1714,2021-02-05,
1715,2021-02-06,
1716,2021-02-07,
1717,2021-02-08,
1718,2021-02-09,
1719,2021-02-10,
1720,2021-02-11,
1721,2021-02-12,
1722,2021-02-13,
1723,2021-02-14,
1724,2021-02-15,
1725,2021-02-16,
1726,2021-02-17,
1727,2021-02-18,
1728,2021-02-19,
1729,2021-02-20,
1730,2021-02-21,
1731,2021-02-22,
1732,2021-02-23,
1733,2021-02-24,
1734,2021-02-25,
1735,2021-02-26,
1736,2021-02-27,
1737,2021-02-28,
1738,2021-03-01,
1739,2021-03-02,
1740,2021-03-03,
1741,2021-03-04,
1742,2021-03-05,
1743,2021-03-06,
1744,2021-03-07,
1745,2021-03-08,
1746,2021-03-09,
1747,2021-03-10,
1748,2021-03-11,
1749,2021-03-12,
1750,2021-03-13,
1751,2021-03-14,
1752,2021-03-15,
1753,2021-03-16,
1754,2021-03-17,
1755,2021-03-18,
1756,2021-03-19,
1757,2021-03-20,
1758,2021-03-21,
1759,2021-03-22,
1760,2021-03-23,
1761,2021-03-24,
1762,2021-03-25,
1763,2021-03-26,
1764,2021-03-27,
1765,2021-03-28,
1766,2021-03-29,
1767,2021-03-30,
1768,2021-03-31,
1769,2020-10-01,
1770,2020-10-02,
1771,2020-10-03,
1772,2020-10-04,
1773,2020-10-05,
1774,2020-10-06,
1775,2020-10-07,
1776,2020-10-08,
1777,2020-10-09,
1778,2020-10-10,
1779,2020-10-11,
1780,2020-10-12,
1781,2020-10-13,
1782,2020-10-14,
1783,2020-10-15,
1784,2020-10-16,
1785,2020-10-17,
1786,2020-10-18,
1787,2020-10-19,
1788,2020-10-20,
1789,2020-10-21,
1790,2020-10-22,
1791,2020-10-23,
1792,2020-10-24,
1793,2020-10-25,
1794,2020-10-26,
1795,2020-10-27,
1796,2020-10-28,
1797,2020-10-29,
1798,2020-10-30,
1799,2020-10-31,
1800,2020-11-01,
1801,2020-11-02,
1802,2020-11-03,
1803,2020-11-04,
1804,2020-11-05,
1805,2020-11-06,
1806,2020-11-07,
1807,2020-11-08,
1808,2020-11-09,
1809,2020-11-10,
1810,2020-11-11,
1811,2020-11-12,
1812,2020-11-13,
1813,2020-11-14,
1814,2020-11-15,
1815,2020-11-16,
1816,2020-11-17,
1817,2020-11-18,
1818,2020-11-19,
1819,2020-11-20,
1820,2020-11-21,
1821,2020-11-22,
1822,2020-11-23,
1823,2020-11-24,
1824,2020-11-25,
1825,2020-11-26,
1826,2020-11-27,
1827,2020-11-28,
1828,2020-11-29,
1829,2020-11-30,
1830,2020-12-01,
1831,2020-12-02,
1832,2020-12-03,
1833,2020-12-04,
1834,2020-12-05,
1835,2020-12-06,
1836,2020-12-07,
1837,2020-12-08,
1838,2020-12-09,
1839,2020-12-10,
1840,2020-12-11,
1841,2020-12-12,
1842,2020-12-13,
1843,2020-12-14,
1844,2020-12-15,
1845,2020-12-16,
1846,2020-12-17,
1847,2020-12-18,
1848,2020-12-19,
1849,2020-12-20,
1850,2020-12-21,
1851,2020-12-22,
1852,2020-12-23,
1853,2020-12-24,
1854,2020-12-25,
1855,2020-12-26,
1856,2020-12-27,
1857,2020-12-28,
1858,2020-12-29,
1859,2020-12-30,
1860,2020-12-31,
1861,2021-01-01,
1862,2021-01-02,
1863,2021-01-03,
1864,2020-07-01,
1865,2020-07-02,
1866,2020-07-03,
1867,2020-07-04,
1868,2020-07-05,
1869,2020-07-06,
1870,2020-07-07,
1871,2020-07-08,
1872,2020-07-09,
1873,2020-07-10,
1874,2020-07-11,
1875,2020-07-12,
1876,2020-07-13,
1877,2020-07-14,
1878,2020-07-15,
1879,2020-07-16,
1880,2020-07-17,
1881,2020-07-18,
1882,2020-07-19,
1883,2020-07-20,
1884,2020-07-21,
1885,2020-07-22,
1886,2020-07-23,
1887,2020-07-24,
1888,2020-07-25,
1889,2020-07-26,
1890,2020-07-27,
1891,2020-07-28,
1892,2020-07-29,
1893,2020-07-30,
1894,2020-07-31,
1895,2020-08-01,
1896,2020-08-02,
1897,2020-08-03,
1898,2020-08-04,
1899,2020-08-05,
1900,2020-08-06,
1901,2020-08-07,
1902,2020-08-08,
1903,2020-08-09,
1904,2020-08-10,
1905,2020-08-11,
1906,2020-08-12,
1907,2020-08-13,
1908,2020-08-14,
1909,2020-08-15,
1910,2020-08-16,
1911,2020-08-17,
1912,2020-08-18,
1913,2020-08-19,
1914,2020-08-20,
1915,2020-08-21,
1916,2020-08-22,
1917,2020-08-23,
1918,2020-08-24,
1919,2020-08-25,
1920,2020-08-26,
1921,2020-08-27,
1922,2020-08-28,
1923,2020-08-29,
1924,2020-08-30,
1925,2020-08-31,
1926,2020-09-01,
1927,2020-09-02,
1928,2020-09-03,
1929,2020-09-04,
1930,2020-09-05,
1931,2020-09-06,
1932,2020-09-07,
1933,2020-09-08,
1934,2020-09-09,
1935,2020-09-10,
1936,2020-09-11,
1937,2020-09-12,
1938,2020-09-13,
1939,2020-09-14,
1940,2020-09-15,
1941,2020-09-16,
1942,2020-09-17,
1943,2020-09-18,
1944,2020-09-19,
1945,2020-09-20,
1946,2020-09-21,
1947,2020-09-22,
1948,2020-09-23,
1949,2020-09-24,
1950,2020-09-25,
1951,2020-09-26,
1952,2020-09-27,
1953,2020-09-28,
1954,2020-09-29,
1955,2020-09-30,
1956,2020-04-01,
1957,2020-04-02,
1958,2020-04-03,
1959,2020-04-04,
1960,2020-04-05,
1961,2020-04-06,
1962,2020-04-07,
1963,2020-04-08,
1964,2020-04-09,
1965,2020-04-10,
1966,2020-04-11,
1967,2020-04-12,
1968,2020-04-13,
1969,2020-04-14,
1970,2020-04-15,
1971,2020-04-16,
1972,2020-04-17,
1973,2020-04-18,
1974,2020-04-19,
1975,2020-04-20,
1976,2020-04-21,
1977,2020-04-22,
1978,2020-04-23,
1979,2020-04-24,
1980,2020-04-25,
1981,2020-04-26,
1982,2020-04-27,
1983,2020-04-28,
1984,2020-04-29,
1985,2020-04-30,
1986,2020-05-01,
1987,2020-05-02,
1988,2020-05-03,
1989,2020-05-04,
1990,2020-05-05,
1991,2020-05-06,
1992,2020-05-07,
1993,2020-05-08,
1994,2020-05-09,
1995,2020-05-10,
1996,2020-05-11,
1997,2020-05-12,
1998,2020-05-13,
1999,2020-05-14,
2000,2020-05-15,
2001,2020-05-16,
2002,2020-05-17,
2003,2020-05-18,
2004,2020-05-19,
2005,2020-05-20,
2006,2020-05-21,
2007,2020-05-22,
2008,2020-05-23,
2009,2020-05-24,
2010,2020-05-25,
2011,2020-05-26,
2012,2020-05-27,
2013,2020-05-28,
2014,2020-05-29,
2015,2020-05-30,
2016,2020-05-31,
2017,2020-06-01,
2018,2020-06-02,
2019,2020-06-03,
2020,2020-06-04,
2021,2020-06-05,
2022,2020-06-06,
2023,2020-06-07,
2024,2020-06-08,
2025,2020-06-09,
2026,2020-06-10,
2027,2020-06-11,
2028,2020-06-12,
2029,2020-06-13,
2030,2020-06-14,
2031,2020-06-15,
2032,2020-06-16,
2033,2020-06-17,
2034,2020-06-18,
2035,2020-06-19,
2036,2020-06-20,
2037,2020-06-21,
2038,2020-06-22,
2039,2020-06-23,
2040,2020-06-24,
2041,2020-06-25,
2042,2020-06-26,
2043,2020-06-27,
2044,2020-06-28,
2045,2020-06-29,
2046,2020-06-30,
2047,2020-01-01,
2048,2020-01-02,
2049,2020-01-03,
2050,2020-01-04,
2051,2020-01-05,
2052,2020-01-06,
2053,2020-01-07,
2054,2020-01-08,
2055,2020-01-09,
2056,2020-01-10,
2057,2020-01-11,
2058,2020-01-12,
2059,2020-01-13,
2060,2020-01-14,
2061,2020-01-15,
2062,2020-01-16,
2063,2020-01-17,
2064,2020-01-18,
2065,2020-01-19,
2066,2020-01-20,
2067,2020-01-21,
2068,2020-01-22,
2069,2020-01-23,
2070,2020-01-24,
2071,2020-01-25,
2072,2020-01-26,
2073,2020-01-27,
2074,2020-01-28,
2075,2020-01-29,
2076,2020-01-30,
2077,2020-01-31,
2078,2020-02-01,
2079,2020-02-02,
2080,2020-02-03,
2081,2020-02-04,
2082,2020-02-05,
2083,2020-02-06,
2084,2020-02-07,
2085,2020-02-08,
2086,2020-02-09,
2087,2020-02-10,
2088,2020-02-11,
2089,2020-02-12,
2090,2020-02-13,
2091,2020-02-14,
2092,2020-02-15,
2093,2020-02-16,
2094,2020-02-17,
2095,2020-02-18,
2096,2020-02-19,
2097,2020-02-20,
2098,2020-02-21,
2099,2020-02-22,
2100,2020-02-23,
2101,2020-02-24,
2102,2020-02-25,
2103,2020-02-26,
2104,2020-02-27,
2105,2020-02-28,
2106,2020-02-29,
2107,2020-03-01,
2108,2020-03-02,
2109,2020-03-03,
2110,2020-03-04,
2111,2020-03-05,
2112,2020-03-06,
2113,2020-03-07,
2114,2020-03-08,
2115,2020-03-09,
2116,2020-03-10,
2117,2020-03-11,
2118,2020-03-12,
2119,2020-03-13,
2120,2020-03-14,
2121,2020-03-15,
2122,2020-03-16,
2123,2020-03-17,
2124,2020-03-18,
2125,2020-03-19,
2126,2020-03-20,
2127,2020-03-21,
2128,2020-03-22,
2129,2020-03-23,
2130,2020-03-24,
2131,2020-03-25,
2132,2020-03-26,
2133,2020-03-27,
2134,2020-03-28,
2135,2020-03-29,
2136,2020-03-30,
2137,2020-03-31,
2138,2019-10-01,
2139,2019-10-02,
2140,2019-10-03,
2141,2019-10-04,
2142,2019-10-05,
2143,2019-10-06,
2144,2019-10-07,
2145,2019-10-08,
2146,2019-10-09,
2147,2019-10-10,
2148,2019-10-11,
2149,2019-10-12,
2150,2019-10-13,
2151,2019-10-14,
2152,2019-10-15,
2153,2019-10-16,
2154,2019-10-17,
2155,2019-10-18,
2156,2019-10-19,
2157,2019-10-20,
2158,2019-10-21,
2159,2019-10-22,
2160,2019-10-23,
2161,2019-10-24,
2162,2019-10-25,
2163,2019-10-26,
2164,2019-10-27,
2165,2019-11-28,
2166,2019-11-29,
2167,2019-11-30,
2168,2019-12-01,
2169,2019-12-02,
2170,2019-12-03,
2171,2019-12-04,
2172,2019-12-05,
2173,2019-12-06,
2174,2019-12-07,
2175,2019-12-08,
2176,2019-12-09,
2177,2019-12-10,
2178,2019-12-11,
2179,2019-12-12,
2180,2019-12-13,
2181,2019-12-14,
2182,2019-12-15,
2183,2019-12-16,
2184,2019-12-17,
2185,2019-12-18,
2186,2019-12-19,
2187,2019-12-20,
2188,2019-12-21,
2189,2019-12-22,
2190,2019-12-23,
2191,2019-12-24,
2192,2019-12-25,
2193,2019-12-26,
2194,2019-12-27,
2195,2019-12-28,
2196,2019-12-29,
2197,2019-07-01,
2198,2019-07-02,
2199,2019-07-03,
2200,2019-07-04,
2201,2019-07-05,
2202,2019-07-06,
2203,2019-07-07,
2204,2019-07-08,
2205,2019-07-09,
2206,2019-07-10,
2207,2019-07-11,
2208,2019-07-12,
2209,2019-07-13,
2210,2019-07-15,
2211,2019-07-16,
2212,2019-07-17,
2213,2019-07-18,
2214,2019-07-19,
2215,2019-07-20,
2216,2019-07-21,
2217,2019-07-22,
2218,2019-07-23,
2219,2019-07-24,
2220,2019-07-25,
2221,2019-07-26,
2222,2019-07-27,
2223,2019-07-28,
2224,2019-07-29,
2225,2019-07-30,
2226,2019-07-31,
2227,2019-08-01,
2228,2019-08-02,
2229,2019-08-03,
2230,2019-08-04,
2231,2019-08-05,
2232,2019-08-06,
2233,2019-08-07,
2234,2019-08-08,
2235,2019-08-09,
2236,2019-08-10,
2237,2019-08-11,
2238,2019-08-12,
2239,2019-08-13,
2240,2019-08-14,
2241,2019-08-15,
2242,2019-08-16,
2243,2019-08-17,
2244,2019-08-18,
2245,2019-08-19,
2246,2019-08-20,
2247,2019-08-21,
2248,2019-08-22,
2249,2019-08-23,
2250,2019-08-24,
2251,2019-08-25,
2252,2019-08-26,
2253,2019-08-27,
2254,2019-08-28,
2255,2019-08-29,
2256,2019-08-30,
2257,2019-08-31,
2258,2019-09-01,
2259,2019-09-02,
2260,2019-09-03,
2261,2019-09-04,
2262,2019-09-05,
2263,2019-09-06,
2264,2019-09-07,
2265,2019-09-08,
2266,2019-09-09,
2267,2019-09-10,
2268,2019-09-11,
2269,2019-09-12,
2270,2019-09-13,
2271,2019-09-14,
2272,2019-09-15,
2273,2019-09-16,
2274,2019-09-17,
2275,2019-09-18,
2276,2019-09-19,
2277,2019-09-20,
2278,2019-09-21,
2279,2019-09-22,
2280,2019-09-23,
2281,2019-09-24,
2282,2019-09-25,
2283,2019-09-26,
2284,2019-09-27,
2285,2019-09-28,
2286,2019-09-29,
2287,2019-09-30,
2288,2019-04-01,
2289,2019-04-02,
2290,2019-04-03,
2291,2019-04-11,
2292,2019-04-12,
2293,2019-04-13,
2294,2019-04-14,
2295,2019-04-15,
2296,2019-04-16,
2297,2019-04-17,
2298,2019-04-18,
2299,2019-04-19,
2300,2019-04-20,
2301,2019-04-21,
2302,2019-04-22,
2303,2019-04-23,
2304,2019-04-24,
2305,2019-04-25,
2306,2019-04-26,
2307,2019-04-27,
2308,2019-04-28,
2309,2019-04-29,
2310,2019-04-30,
2311,2019-05-01,
2312,2019-05-02,
2313,2019-05-03,
2314,2019-05-04,
2315,2019-05-05,
2316,2019-05-06,
2317,2019-05-07,
2318,2019-05-08,
2319,2019-05-09,
2320,2019-05-10,
2321,2019-05-11,
2322,2019-05-12,
2323,2019-05-13,
2324,2019-05-14,
2325,2019-05-15,
2326,2019-05-16,
2327,2019-05-17,
2328,2019-05-18,
2329,2019-05-19,
2330,2019-05-20,
2331,2019-05-21,
2332,2019-05-22,
2333,2019-05-23,
2334,2019-05-24,
2335,2019-05-25,
2336,2019-05-26,
2337,2019-05-27,
2338,2019-05-28,
2339,2019-05-29,
2340,2019-05-30,
2341,2019-05-31,
2342,2019-06-01,
2343,2019-06-02,
2344,2019-06-03,
2345,2019-06-04,
2346,2019-06-05,
2347,2019-06-06,
2348,2019-06-07,
2349,2019-06-08,
2350,2019-06-09,
2351,2019-06-10,
2352,2019-06-11,
2353,2019-06-12,
2354,2019-06-13,
2355,2019-06-14,
2356,2019-06-15,
2357,2019-06-16,
2358,2019-06-17,
2359,2019-06-18,
2360,2019-06-19,
2361,2019-06-20,
2362,2019-06-21,
2363,2019-06-22,
2364,2019-06-23,
2365,2019-06-24,
2366,2019-06-25,
2367,2019-06-26,
2368,2019-06-27,
2369,2019-06-28,
2370,2019-06-29,
2371,2019-06-30,
2372,2019-01-01,
2373,2019-01-02,
2374,2019-01-03,
2375,2019-01-04,
2376,2019-01-05,
2377,2019-01-06,
2378,2019-01-07,
2379,2019-01-08,
2380,2019-01-09,
2381,2019-01-10,
2382,2019-01-11,
2383,2019-01-12,
2384,2019-01-13,
2385,2019-01-14,
2386,2019-01-15,
2387,2019-01-16,
2388,2019-01-17,
2389,2019-01-18,
2390,2019-01-19,
2391,2019-01-20,
2392,2019-01-21,
2393,2019-01-22,
2394,2019-01-23,
2395,2019-01-24,
2396,2019-01-25,
2397,2019-01-26,
2398,2019-01-27,
2399,2019-01-28,
2400,2019-01-29,
2401,2019-01-30,
2402,2019-01-31,
2403,2019-02-01,
2404,2019-02-02,
2405,2019-02-03,
2406,2019-02-04,
2407,2019-02-05,
2408,2019-02-06,
2409,2019-02-07,
2410,2019-02-08,
2411,2019-02-09,
2412,2019-02-10,
2413,2019-02-11,
2414,2019-02-12,
2415,2019-02-13,
2416,2019-02-14,
2417,2019-02-15,
2418,2019-02-16,
2419,2019-02-17,
2420,2019-02-18,
2421,2019-02-19,
2422,2019-02-20,
2423,2019-02-21,
2424,2019-02-22,
2425,2019-02-23,
2426,2019-02-24,
2427,2019-02-25,
2428,2019-02-26,
2429,2019-02-27,
2430,2019-02-28,
2431,2019-03-01,
2432,2019-03-02,
2433,2019-03-03,
2434,2019-03-04,
2435,2019-03-05,
2436,2019-03-06,
2437,2019-03-07,
2438,2019-03-08,
2439,2019-03-09,
2440,2019-03-10,
2441,2019-03-11,
2442,2019-03-12,
2443,2019-03-13,
2444,2019-03-14,
2445,2019-03-15,
2446,2019-03-16,
2447,2019-03-17,
2448,2019-03-18,
2449,2019-03-19,
2450,2019-03-20,
2451,2019-03-21,
2452,2019-03-22,
2453,2019-03-23,
2454,2019-03-24,
2455,2019-03-25,
2456,2019-03-26,
2457,2019-03-27,
2458,2019-03-28,
2459,2019-03-29,
2460,2019-03-30,
2461,2019-03-31,
2462,2018-10-01,
2463,2018-10-02,
2464,2018-10-03,
2465,2018-10-04,
2466,2018-10-05,
2467,2018-10-06,
2468,2018-10-07,
2469,2018-10-08,
2470,2018-10-09,
2471,2018-10-10,
2472,2018-10-11,
2473,2018-10-12,
2474,2018-10-13,
2475,2018-10-14,
2476,2018-10-15,
2477,2018-10-16,
2478,2018-10-17,
2479,2018-10-18,
2480,2018-10-19,
2481,2018-10-20,
2482,2018-10-21,
2483,2018-10-22,
2484,2018-10-23,
2485,2018-10-24,
2486,2018-10-25,
2487,2018-10-26,
2488,2018-10-27,
2489,2018-10-28,
2490,2018-10-29,
2491,2018-10-30,
2492,2018-10-31,
2493,2018-11-01,
2494,2018-11-02,
2495,2018-11-03,
2496,2018-11-04,
2497,2018-11-05,
2498,2018-11-06,
2499,2018-11-07,
2500,2018-11-08,
2501,2018-11-09,
2502,2018-11-10,
2503,2018-11-11,
2504,2018-11-12,
2505,2018-11-13,
2506,2018-11-14,
2507,2018-11-15,
2508,2018-11-16,
2509,2018-11-17,
2510,2018-11-18,
2511,2018-11-19,
2512,2018-11-20,
2513,2018-11-21,
2514,2018-11-22,
2515,2018-11-23,
2516,2018-11-24,
2517,2018-11-25,
2518,2018-11-26,
2519,2018-11-27,
2520,2018-11-28,
2521,2018-11-29,
2522,2018-11-30,
2523,2018-12-01,
2524,2018-12-02,
2525,2018-12-03,
2526,2018-12-04,
2527,2018-12-05,
2528,2018-12-06,
2529,2018-12-07,
2530,2018-12-08,
2531,2018-12-09,
2532,2018-12-10,
2533,2018-12-11,
2534,2018-12-12,
2535,2018-12-13,
2536,2018-12-14,
2537,2018-12-15,
2538,2018-12-16,
2539,2018-12-17,
2540,2018-12-18,
2541,2018-12-19,
2542,2018-12-20,
2543,2018-12-21,
2544,2018-12-22,
2545,2018-12-23,
2546,2018-12-24,
2547,2018-12-25,
2548,2018-12-26,
2549,2018-12-27,
2550,2018-12-30,
2551,2018-07-01,
2552,2018-07-02,
2553,2018-07-03,
2554,2018-07-04,
2555,2018-07-05,
2556,2018-07-06,
2557,2018-07-07,
2558,2018-07-08,
2559,2018-07-09,
2560,2018-07-10,
2561,2018-07-11,
2562,2018-07-12,
2563,2018-07-13,
2564,2018-07-14,
2565,2018-07-15,
2566,2018-07-16,
2567,2018-07-17,
2568,2018-07-18,
2569,2018-07-19,
2570,2018-07-20,
2571,2018-07-21,
2572,2018-07-22,
2573,2018-07-23,
2574,2018-07-24,
2575,2018-07-25,
2576,2018-07-26,
2577,2018-07-27,
2578,2018-07-28,
2579,2018-07-29,
2580,2018-07-30,
2581,2018-07-31,
2582,2018-08-01,
2583,2018-08-02,
2584,2018-08-03,
2585,2018-08-04,
2586,2018-08-05,
2587,2018-08-06,
2588,2018-08-07,
2589,2018-08-08,
2590,2018-08-09,
2591,2018-08-10,
2592,2018-08-11,
2593,2018-08-12,
2594,2018-08-13,
2595,2018-08-14,
2596,2018-08-15,
2597,2018-08-16,
2598,2018-08-17,
2599,2018-08-18,
2600,2018-08-19,
2601,2018-08-20,
2602,2018-08-21,
2603,2018-08-22,
2604,2018-08-23,
2605,2018-08-24,
2606,2018-08-25,
2607,2018-08-26,
2608,2018-08-27,
2609,2018-08-28,
2610,2018-08-29,
2611,2018-08-30,
2612,2018-08-31,
2613,2018-09-01,
2614,2018-09-02,
2615,2018-09-03,
2616,2018-09-04,
2617,2018-09-05,
2618,2018-09-06,
2619,2018-09-07,
2620,2018-09-08,
2621,2018-09-09,
2622,2018-09-10,
2623,2018-09-11,
2624,2018-09-12,
2625,2018-09-13,
2626,2018-09-14,
2627,2018-09-15,
2628,2018-09-16,
2629,2018-09-17,
2630,2018-09-18,
2631,2018-09-19,
2632,2018-09-20,
2633,2018-09-21,
2634,2018-09-22,
2635,2018-09-23,
2636,2018-09-24,
2637,2018-09-25,
2638,2018-09-26,
2639,2018-09-27,
2640,2018-09-28,
2641,2018-09-29,
2642,2018-09-30,
2643,2018-05-14,
2644,2018-05-15,
2645,2018-05-16,
2646,2018-05-17,
2647,2018-05-18,
2648,2018-05-19,
2649,2018-05-20,
2650,2018-05-21,
2651,2018-05-22,
2652,2018-05-23,
2653,2018-05-24,
2654,2018-05-25,
2655,2018-05-26,
2656,2018-05-27,
2657,2018-05-28,
2658,2018-05-29,
2659,2018-05-30,
2660,2018-05-31,
2661,2018-06-01,
2662,2018-06-02,
2663,2018-06-03,
2664,2018-06-04,
2665,2018-06-05,
2666,2018-06-06,
2667,2018-06-07,
2668,2018-06-08,
2669,2018-06-09,
2670,2018-06-10,
2671,2018-06-11,
2672,2018-06-12,
2673,2018-06-13,
2674,2018-06-14,
2675,2018-06-15,
2676,2018-06-16,
2677,2018-06-17,
2678,2018-06-18,
2679,2018-06-19,
2680,2018-06-20,
2681,2018-06-21,
2682,2018-06-22,
2683,2018-06-23,
2684,2018-06-24,
2685,2018-06-25,
2686,2018-06-26,
2687,2018-06-27,
2688,2018-06-28,
2689,2018-06-29,
2690,2018-06-30,
2691,2021-07-23,
2692,2021-07-29,
2693,2019-12-31,
2694,2019-11-27,
2695,2019-07-14,
2696,2019-04-04,
2697,2019-04-05,
2698,2019-04-06,
2699,2019-04-07,
2700,2019-04-08,
2701,2019-04-09,
2702,2019-04-10,
2703,2018-12-31,
2704,2018-12-28,
2705,2018-12-29,
2706,2018-05-13,
