date, pm25, pm10, no2
2025/11/1, 53, 15, 11
2025/11/2, 47, 12, 8
2025/11/3, 34, 13, 11
2025/11/4, 38, 16, 15
2025/11/5, 46, 16, 10
2025/11/6, 49, 25, 14
2025/11/7, 71, 28, 12
2025/11/8, 80, 31, 12
2025/11/9, 88, 20, 12
2025/11/10, 61, 17, 13
2025/11/11, 56, 18, 12
2025/11/12, 56, 13, 12
2025/11/13, 36, 15, 9
2025/11/14, 47, 7, 2
2025/11/15, 23, 15, 5
2025/11/16, 47, 11, 3
2025/11/17, 42, , 
2025/10/1, 61, 21, 12
2025/10/2, 54, 23, 11
2025/10/3, 61, 14, 5
2025/10/4, 43, 9, 3
2025/10/5, 25, 12, 3
2025/10/6, 34, 12, 8
2025/10/7, 40, 10, 7
2025/10/8, 35, 10, 6
2025/10/9, 31, 13, 4
2025/10/10, 39, 12, 3
2025/10/11, 36, 9, 3
2025/10/12, 29, 8, 5
2025/10/13, 24, 10, 9
2025/10/14, 34, 10, 7
2025/10/15, 34, 10, 6
2025/10/16, 33, 10, 4
2025/10/17, 26, 7, 6
2025/10/18, 21, 17, 8
2025/10/19, 50, 13, 6
2025/10/20, 39, 14, 9
2025/10/21, 42, 15, 12
2025/10/22, 45, 13, 7
2025/10/23, 42, 8, 4
2025/10/24, 18, 6, 4
2025/10/25, 18, 7, 2
2025/10/26, 19, 6, 4
2025/10/27, 16, 8, 5
2025/10/28, 23, 10, 9
2025/10/29, 32, 8, 5
2025/10/30, 22, 14, 11
2025/10/31, 42, 16, 12
2025/7/1, 40, 37, 6
2025/7/2, 37, 15, 3
2025/7/3, 31, 13, 3
2025/7/4, 23, 18, 6
2025/7/5, 32, 22, 4
2025/7/6, 30, 12, 4
2025/7/7, 20, 11, 3
2025/7/8, 27, 9, 3
2025/7/9, 26, 14, 4
2025/7/10, 39, 10, 4
2025/7/11, 26, 8, 4
2025/7/12, 28, 10, 4
2025/7/13, 32, 15, 7
2025/7/14, 41, 15, 7
2025/7/15, 45, 13, 6
2025/7/16, 32, 13, 6
2025/7/17, 38, 13, 4
2025/7/18, 39, 17, 9
2025/7/19, 44, 15, 2
2025/7/20, 42, 17, 5
2025/7/21, 45, 11, 4
2025/7/22, 30, 15, 5
2025/7/23, 45, 14, 5
2025/7/24, 41, 14, 5
2025/7/25, 42, 11, 3
2025/7/26, 34, 13, 6
2025/7/27, 38, 12, 2
2025/7/28, 36, 12, 3
2025/7/29, 27, 16, 4
2025/7/30, 28, 13, 4
2025/7/31, 34, 11, 5
2025/8/1, 34, 10, 4
2025/8/2, 30, 9, 3
2025/8/3, 26, 12, 5
2025/8/4, 35, 13, 4
2025/8/5, 37, 11, 3
2025/8/6, 25, 17, 9
2025/8/7, 36, 19, 8
2025/8/8, 35, 19, 8
2025/8/9, 44, 14, 2
2025/8/10, 36, 16, 6
2025/8/11, 32, 21, 6
2025/8/12, 37, 25, 4
2025/8/13, 39, 29, 6
2025/8/14, 48, 33, 6
2025/8/15, 56, 17, 2
2025/8/16, 44, 15, 2
2025/8/17, 34, 11, 4
2025/8/18, 20, 21, 8
2025/8/19, 30, 17, 3
2025/8/20, 41, 13, 3
2025/8/21, 21, 11, 2
2025/8/22, 20, 7, 2
2025/8/23, 15, 9, 3
2025/8/24, 20, 14, 6
2025/8/25, 27, 15, 8
2025/8/26, 29, 37, 10
2025/8/27, 44, 23, 10
2025/8/28, 64, 20, 9
2025/8/29, 60, 18, 10
2025/8/30, 50, 12, 9
2025/8/31, 35, 12, 6
2025/9/1, 31, 10, 7
2025/9/2, 32, 20, 6
2025/9/3, 31, 20, 13
2025/9/4, 31, 11, 7
2025/9/5, 30, 10, 5
2025/9/6, 27, 11, 4
2025/9/7, 31, 12, 4
2025/9/8, 31, 22, 7
2025/9/9, 56, 24, 8
2025/9/10, 61, 12, 5
2025/9/11, 35, 8, 6
2025/9/12, 22, 10, 8
2025/9/13, 30, 9, 6
2025/9/14, 30, 9, 8
2025/9/15, 25, 12, 3
2025/9/16, 24, 13, 5
2025/9/17, 32, 10, 5
2025/9/18, 28, 13, 6
2025/9/19, 39, 18, 12
2025/9/20, 46, 15, 7
2025/9/21, 41, 10, 3
2025/9/22, 23, 9, 6
2025/9/23, 21, 8, 3
2025/9/24, 16, 12, 2
2025/9/25, 17, 15, 3
2025/9/26, 23, 16, 4
2025/9/27, 34, 19, 3
2025/9/28, 43, 15, 6
2025/9/29, 37, 15, 4
2025/9/30, 42, 22, 6
2025/4/1, 34, 16, 4
2025/4/2, 49, 14, 6
2025/4/3, 30, 19, 10
2025/4/4, 40, 11, 2
2025/4/5, 29, 6, 2
2025/4/6, 15, 9, 4
2025/4/7, 19, 13, 5
2025/4/8, 31, 34, 8
2025/4/9, 44, 22, 4
2025/4/10, 54, 29, 5
2025/4/11, 66, 24, 11
2025/4/12, 61, 20, 7
2025/4/13, 50, 28, 10
2025/4/14, 52, 34, 5
2025/4/15, 51, 23, 5
2025/4/16, 43, 44, 6
2025/4/17, 64, 22, 4
2025/4/18, 62, 9, 4
2025/4/19, 33, 22, 6
2025/4/20, 68, 17, 9
2025/4/21, 53, 14, 7
2025/4/22, 38, 21, 7
2025/4/23, 61, 12, 3
2025/4/24, 38, 12, 2
2025/4/25, 37, 9, 2
2025/4/26, 21, 12, 3
2025/4/27, 31, 20, 6
2025/4/28, 44, 20, 12
2025/4/29, 42, 19, 6
2025/4/30, 33, 16, 6
2025/5/1, 37, 28, 6
2025/5/2, 48, 14, 3
2025/5/3, 41, 10, 1
2025/5/4, 29, 8, 2
2025/5/5, 18, 14, 6
2025/5/6, 28, 13, 2
2025/5/7, 24, 10, 2
2025/5/8, 23, 18, 7
2025/5/9, 36, 12, 3
2025/5/10, 32, 11, 1
2025/5/11, 32, 23, 3
2025/5/12, 37, 24, 5
2025/5/13, 41, 26, 6
2025/5/14, 40, 18, 2
2025/5/15, 28, 13, 5
2025/5/16, 34, 10, 4
2025/5/17, 28, 9, 3
2025/5/18, 30, 11, 3
2025/5/19, 33, 19, 10
2025/5/20, 46, 21, 5
2025/5/21, 38, 25, 2
2025/5/22, 39, 10, 4
2025/5/23, 20, 12, 5
2025/5/24, 29, 12, 4
2025/5/25, 36, 12, 3
2025/5/26, 33, 19, 8
2025/5/27, 41, 9, 4
2025/5/28, 25, 8, 3
2025/5/29, 22, 14, 4
2025/5/30, 38, 14, 3
2025/5/31, 35, 12, 3
2025/6/1, 35, 18, 5
2025/6/2, 50, 22, 5
2025/6/3, 39, 29, 8
2025/6/4, 50, 15, 6
2025/6/5, 35, 13, 4
2025/6/6, 24, 10, 4
2025/6/7, 24, 10, 3
2025/6/8, 26, 9, 3
2025/6/9, 24, 20, 6
2025/6/10, 58, 13, 3
2025/6/11, 39, 12, 2
2025/6/12, 29, 11, 2
2025/6/13, 23, 13, 3
2025/6/14, 34, 16, 3
2025/6/15, 44, 13, 2
2025/6/16, 33, 15, 4
2025/6/17, 39, 22, 9
2025/6/18, 51, 13, 1
2025/6/19, 30, 15, 3
2025/6/20, 29, 17, 7
2025/6/21, 33, 24, 12
2025/6/22, 45, 24, 3
2025/6/23, 37, 20, 3
2025/6/24, 31, 13, 3
2025/6/25, 34, 22, 5
2025/6/26, 35, 12, 3
2025/6/27, 33, 13, 4
2025/6/28, 35, 10, 3
2025/6/29, 25, 15, 3
2025/6/30, 31, 37, 5
2025/1/1, 61, 9, 4
2025/1/2, 24, 7, 3
2025/1/3, 19, 11, 5
2025/1/4, 36, 16, 7
2025/1/5, 56, 11, 9
2025/1/6, 37, 7, 5
2025/1/7, 15, 8, 9
2025/1/8, 26, 10, 9
2025/1/9, 38, 11, 7
2025/1/10, 39, 8, 3
2025/1/11, 25, 6, 2
2025/1/12, 16, 12, 9
2025/1/13, 41, 19, 11
2025/1/14, 56, 14, 6
2025/1/15, 48, 13, 6
2025/1/16, 45, 19, 10
2025/1/17, 62, 25, 15
2025/1/18, 71, 24, 9
2025/1/19, 73, 35, 13
2025/1/20, 94, 26, 16
2025/1/21, 78, 28, 13
2025/1/22, 74, 17, 9
2025/1/23, 55, 10, 7
2025/1/24, 36, 9, 7
2025/1/25, 26, 9, 4
2025/1/26, 33, 8, 11
2025/1/27, 28, 12, 14
2025/1/28, 39, 8, 7
2025/1/29, 26, 10, 10
2025/1/30, 30, 10, 3
2025/1/31, 28, 17, 6
2025/2/1, 52, 14, 6
2025/2/2, 48, 24, 17
2025/2/3, 66, 35, 18
2025/2/4, 89, 26, 13
2025/2/5, 72, 16, 5
2025/2/6, 52, 17, 3
2025/2/7, 55, 32, 5
2025/2/8, 81, 36, 5
2025/2/9, 99, 41, 6
2025/2/10, 108, 37, 7
2025/2/11, 89, 48, 7
2025/2/12, 121, 50, 9
2025/2/13, 135, 18, 7
2025/2/14, 56, 14, 7
2025/2/15, 45, 14, 6
2025/2/16, 47, 14, 14
2025/2/17, 42, 26, 22
2025/2/18, 58, 30, 22
2025/2/19, 70, 31, 10
2025/2/20, 74, 39, 13
2025/2/21, 97, 30, 8
2025/2/22, 81, 29, 12
2025/2/23, 78, 29, 14
2025/2/24, 63, 19, 9
2025/2/25, 60, 26, 8
2025/2/26, 76, 20, 6
2025/2/27, 58, 17, 7
2025/2/28, 56, 13, 2
2025/3/1, 42, 16, 3
2025/3/2, 51, 20, 6
2025/3/3, 49, 30, 11
2025/3/4, 64, 35, 16
2025/3/5, 58, 32, 19
2025/3/6, 68, 37, 21
2025/3/7, 77, 31, 8
2025/3/8, 78, 46, 11
2025/3/9, 112, 55, 20
2025/3/10, 128, 49, 16
2025/3/11, 121, 29, 9
2025/3/12, 80, 18, 7
2025/3/13, 53, 18, 8
2025/3/14, 52, 23, 4
2025/3/15, 71, 21, 6
2025/3/16, 64, 7, 4
2025/3/17, 17, 26, 16
2025/3/18, 40, 35, 23
2025/3/19, 64, 43, 21
2025/3/20, 71, 37, 15
2025/3/21, 74, 30, 3
2025/3/22, 68, 29, 4
2025/3/23, 76, 33, 6
2025/3/24, 79, 40, 8
2025/3/25, 96, 22, 5
2025/3/26, 61, 19, 7
2025/3/27, 57, 20, 8
2025/3/28, 58, 26, 5
2025/3/29, 69, 11, 6
2025/3/30, 36, 12, 4
2025/3/31, 39, 10, 4
2024/10/1, 45, 15, 5
2024/10/2, 47, 6, 2
2024/10/3, 18, 7, 3
2024/10/4, 19, 8, 4
2024/10/5, 25, 11, 3
2024/10/6, 35, 19, 9
2024/10/7, 56, 20, 10
2024/10/8, 53, 10, 7
2024/10/9, 27, 12, 5
2024/10/10, 25, 13, 5
2024/10/11, 30, 13, 9
2024/10/12, 38, 9, 2
2024/10/13, 26, 15, 7
2024/10/14, 32, 12, 11
2024/10/15, 34, 15, 5
2024/10/16, 43, 19, 7
2024/10/17, 50, 25, 7
2024/10/18, 59, 22, 9
2024/10/19, 58, 24, 9
2024/10/20, 64, 21, 10
2024/10/21, 53, 18, 9
2024/10/22, 44, 23, 16
2024/10/23, 57, 21, 11
2024/10/24, 58, 31, 14
2024/10/25, 76, 35, 12
2024/10/26, 87, 25, 6
2024/10/27, 71, 21, 11
2024/10/28, 58, 17, 8
2024/10/29, 52, 15, 7
2024/10/30, 43, 14, 5
2024/10/31, 35, 25, 6
2024/11/1, 71, 15, 8
2024/11/2, 40, 20, 13
2024/11/3, 58, 15, 10
2024/11/4, 49, 20, 9
2024/11/5, 61, 26, 11
2024/11/6, 71, 10, 7
2024/11/7, 34, 20, 6
2024/11/8, 63, 32, 5
2024/11/9, 91, 30, 10
2024/11/10, 87, 27, 8
2024/11/11, 76, 20, 7
2024/11/12, 63, 17, 11
2024/11/13, 51, 13, 9
2024/11/14, 43, 24, 7
2024/11/15, 56, 16, 4
2024/11/16, 54, 10, 3
2024/11/17, 32, 8, 5
2024/11/18, 20, 9, 10
2024/11/19, 31, 8, 6
2024/11/20, 28, 9, 7
2024/11/21, 31, 12, 8
2024/11/22, 41, 9, 6
2024/11/23, 32, 10, 6
2024/11/24, 30, 17, 10
2024/11/25, 45, 15, 12
2024/11/26, 45, 14, 11
2024/11/27, 45, 5, 4
2024/11/28, 17, 8, 7
2024/11/29, 26, 13, 9
2024/11/30, 47, 21, 11
2024/12/1, 68, 17, 10
2024/12/2, 57, 15, 10
2024/12/3, 50, 11, 6
2024/12/4, 37, 14, 7
2024/12/5, 47, 13, 12
2024/12/6, 44, 11, 6
2024/12/7, 39, 18, 4
2024/12/8, 63, 13, 3
2024/12/9, 44, 14, 2
2024/12/10, 50, 15, 5
2024/12/11, 51, 21, 9
2024/12/12, 62, 18, 7
2024/12/13, 58, 23, 7
2024/12/14, 71, 12, 3
2024/12/15, 42, 6, 3
2024/12/16, 17, 12, 5
2024/12/17, 38, 12, 7
2024/12/18, 36, 7, 4
2024/12/19, 20, 12, 3
2024/12/20, 31, 9, 4
2024/12/21, 31, 7, 3
2024/12/22, 21, 10, 4
2024/12/23, 32, 13, 6
2024/12/24, 37, 18, 8
2024/12/25, 57, 14, 6
2024/12/26, 47, 14, 9
2024/12/27, 43, 21, 9
2024/12/28, 63, 20, 11
2024/12/29, 66, , 
2024/7/1, 40, 10, 3
2024/7/2, 30, 13, 4
2024/7/3, 29, 14, 4
2024/7/4, 31, 14, 6
2024/7/5, 30, 13, 4
2024/7/6, 28, 12, 3
2024/7/7, 20, 15, 6
2024/7/8, 23, 17, 3
2024/7/9, 28, 43, 4
2024/7/10, 58, 20, 5
2024/7/11, 46, 14, 6
2024/7/12, 41, 8, 3
2024/7/13, 23, 11, 8
2024/7/14, 33, 43, 7
2024/7/15, 50, 22, 5
2024/7/16, 42, 10, 4
2024/7/17, 22, 9, 3
2024/7/18, 24, 15, 5
2024/7/19, 30, 18, 3
2024/7/20, 38, 20, 3
2024/7/21, 47, 13, 4
2024/7/22, 36, 13, 6
2024/7/23, 29, 11, 2
2024/7/24, 33, 12, 3
2024/7/25, 27, 18, 6
2024/7/26, 39, 14, 6
2024/7/27, 46, 8, 1
2024/7/28, 27, 9, 2
2024/7/29, 22, 11, 7
2024/7/30, 26, 17, 8
2024/7/31, 37, 17, 3
2024/8/1, 37, 19, 3
2024/8/2, 39, 17, 4
2024/8/3, 40, 14, 4
2024/8/4, 45, 12, 3
2024/8/5, 30, 15, 9
2024/8/6, 40, 18, 6
2024/8/7, 43, 14, 3
2024/8/8, 39, 30, 7
2024/8/9, 49, 14, 2
2024/8/10, 33, 13, 2
2024/8/11, 35, 14, 4
2024/8/12, 31, 16, 3
2024/8/13, 27, 18, 4
2024/8/14, 33, 18, 6
2024/8/15, 46, 17, 8
2024/8/16, 39, 12, 4
2024/8/17, 32, 14, 1
2024/8/18, 44, 14, 3
2024/8/19, 37, 23, 6
2024/8/20, 50, 20, 2
2024/8/21, 36, 19, 5
2024/8/22, 32, 23, 5
2024/8/23, 30, 18, 5
2024/8/24, 32, 16, 3
2024/8/25, 27, 20, 8
2024/8/26, 36, 27, 5
2024/8/27, 44, 29, 4
2024/8/28, 52, 36, 12
2024/8/29, 57, 21, 8
2024/8/30, 47, 12, 2
2024/8/31, 33, 13, 1
2024/9/1, 37, 23, 4
2024/9/2, 39, 36, 6
2024/9/3, 60, 38, 6
2024/9/4, 60, 49, 2
2024/9/5, 65, 49, 4
2024/9/6, 65, 45, 5
2024/9/7, 65, 26, 4
2024/9/8, 48, 14, 5
2024/9/9, 38, 14, 5
2024/9/10, 35, 11, 5
2024/9/11, 26, 12, 5
2024/9/12, 21, 8, 5
2024/9/13, 21, 7, 1
2024/9/14, 17, 6, 1
2024/9/15, 16, 11, 3
2024/9/16, 33, 36, 2
2024/9/17, 80, 37, 2
2024/9/18, 87, 31, 3
2024/9/19, 72, 33, 5
2024/9/20, 61, 33, 5
2024/9/21, 64, 32, 6
2024/9/22, 68, 29, 10
2024/9/23, 58, 19, 8
2024/9/24, 52, 9, 7
2024/9/25, 26, 8, 6
2024/9/26, 22, 8, 3
2024/9/27, 16, 7, 2
2024/9/28, 17, 9, 5
2024/9/29, 24, 10, 4
2024/9/30, 26, 14, 6
2024/4/1, 91, 16, 3
2024/4/2, 30, 13, 8
2024/4/3, 41, 9, 6
2024/4/4, 26, 10, 5
2024/4/5, 26, 10, 8
2024/4/6, 30, 16, 8
2024/4/7, 40, 35, 15
2024/4/8, 54, 37, 8
2024/4/9, 53, 12, 5
2024/4/10, 26, 15, 9
2024/4/11, 35, 15, 6
2024/4/12, 41, 14, 6
2024/4/13, 38, 11, 3
2024/4/14, 25, 13, 4
2024/4/15, 32, 10, 4
2024/4/16, 26, 7, 5
2024/4/17, 19, 8, 5
2024/4/18, 21, 8, 6
2024/4/19, 26, 6, 2
2024/4/20, 19, 9, 2
2024/4/21, 31, 10, 7
2024/4/22, 28, 12, 9
2024/4/23, 38, 18, 8
2024/4/24, 55, 16, 7
2024/4/25, 47, 12, 7
2024/4/26, 35, 19, 13
2024/4/27, 51, 13, 6
2024/4/28, 35, 12, 6
2024/4/29, 24, 24, 4
2024/4/30, 41, 25, 3
2024/5/1, 42, 29, 3
2024/5/2, 42, 22, 4
2024/5/3, 42, 17, 4
2024/5/4, 54, 16, 3
2024/5/5, 43, 10, 4
2024/5/6, 26, 12, 1
2024/5/7, 35, 15, 3
2024/5/8, 33, 15, 4
2024/5/9, 36, 19, 7
2024/5/10, 46, 17, 2
2024/5/11, 51, 11, 2
2024/5/12, 23, 38, 6
2024/5/13, 31, 33, 6
2024/5/14, 31, 30, 3
2024/5/15, 30, 40, 2
2024/5/16, 39, 46, 3
2024/5/17, 45, 16, 3
2024/5/18, 33, 16, 5
2024/5/19, 49, 15, 4
2024/5/20, 47, 23, 3
2024/5/21, 51, 21, 4
2024/5/22, 49, 36, 4
2024/5/23, 56, 45, 5
2024/5/24, 64, 16, 3
2024/5/25, 53, 12, 4
2024/5/26, 40, 18, 6
2024/5/27, 40, 13, 4
2024/5/28, 41, 18, 4
2024/5/29, 37, 17, 7
2024/5/30, 46, 12, 4
2024/5/31, 36, 20, 3
2024/6/1, 55, 22, 1
2024/6/2, 60, 22, 3
2024/6/3, 55, 16, 6
2024/6/4, 41, 21, 9
2024/6/5, 46, 19, 5
2024/6/6, 50, 19, 5
2024/6/7, 54, 22, 8
2024/6/8, 57, 10, 2
2024/6/9, 23, 15, 4
2024/6/10, 35, 11, 3
2024/6/11, 24, 9, 3
2024/6/12, 21, 8, 4
2024/6/13, 20, 17, 9
2024/6/14, 43, 12, 6
2024/6/15, 35, 12, 8
2024/6/16, 30, 12, 6
2024/6/17, 25, 11, 6
2024/6/18, 27, 12, 4
2024/6/19, 35, 11, 5
2024/6/20, 30, 22, 6
2024/6/21, 57, 17, 4
2024/6/22, 47, 14, 2
2024/6/23, 40, 12, 6
2024/6/24, 35, 14, 3
2024/6/25, 35, 17, 3
2024/6/26, 38, 29, 6
2024/6/27, 57, 20, 3
2024/6/28, 49, 18, 3
2024/6/29, 43, 18, 3
2024/6/30, 47, 16, 3
2024/1/1, 65, 7, 8
2024/1/2, 26, 6, 5
2024/1/3, 16, 4, 4
2024/1/4, 13, 11, 5
2024/1/5, 39, 20, 3
2024/1/6, 66, 8, 3
2024/1/7, 29, 12, 4
2024/1/8, 47, 22, 11
2024/1/9, 68, 42, 17
2024/1/10, 110, 15, 11
2024/1/11, 53, 13, 7
2024/1/12, 49, 8, 4
2024/1/13, 28, 7, 3
2024/1/14, 26, 7, 5
2024/1/15, 25, 10, 10
2024/1/16, 34, 16, 13
2024/1/17, 56, 23, 15
2024/1/18, 72, 13, 8
2024/1/19, 45, 14, 7
2024/1/20, 52, 12, 7
2024/1/21, 44, 8, 5
2024/1/22, 26, 12, 6
2024/1/23, 34, 10, 4
2024/1/24, 29, 14, 4
2024/1/25, 40, 16, 9
2024/1/26, 45, 15, 6
2024/1/27, 43, 18, 13
2024/1/28, 56, 21, 17
2024/1/29, 55, 25, 18
2024/1/30, 64, 10, 6
2024/1/31, 28, 14, 6
2024/2/1, 41, 17, 6
2024/2/2, 52, 9, 4
2024/2/3, 33, 9, 2
2024/2/4, 26, 13, 4
2024/2/5, 35, 12, 3
2024/2/6, 29, 10, 5
2024/2/7, 25, 19, 15
2024/2/8, 53, 12, 8
2024/2/9, 41, 18, 10
2024/2/10, 56, 25, 5
2024/2/11, 75, 10, 6
2024/2/12, 37, 15, 8
2024/2/13, 46, 13, 11
2024/2/14, 43, 13, 10
2024/2/15, 45, 18, 9
2024/2/16, 50, 9, 3
2024/2/17, 27, 12, 5
2024/2/18, 40, 6, 5
2024/2/19, 20, 12, 4
2024/2/20, 37, 17, 7
2024/2/21, 51, 8, 6
2024/2/22, 24, 10, 5
2024/2/23, 21, 11, 8
2024/2/24, 37, 11, 11
2024/2/25, 38, 20, 10
2024/2/26, 61, 17, 5
2024/2/27, 56, 16, 7
2024/2/28, 52, 23, 8
2024/2/29, 67, 38, 10
2024/3/1, 94, 37, 9
2024/3/2, 95, 31, 5
2024/3/3, 85, 41, 5
2024/3/4, 104, 30, 5
2024/3/5, 73, 25, 6
2024/3/6, 72, 34, 5
2024/3/7, 88, 28, 6
2024/3/8, 76, 31, 5
2024/3/9, 86, 26, 3
2024/3/10, 76, 24, 7
2024/3/11, 61, 23, 15
2024/3/12, 60, 29, 7
2024/3/13, 67, 18, 8
2024/3/14, 54, 21, 8
2024/3/15, 57, 9, 3
2024/3/16, 26, 10, 2
2024/3/17, 26, 8, 4
2024/3/18, 25, 19, 6
2024/3/19, 53, 29, 13
2024/3/20, 65, 19, 11
2024/3/21, 59, 19, 8
2024/3/22, 59, 9, 4
2024/3/23, 28, 8, 4
2024/3/24, 28, 9, 7
2024/3/25, 27, 14, 7
2024/3/26, 39, 17, 6
2024/3/27, 37, 15, 5
2024/3/28, 36, 6, 4
2024/3/29, 17, 56, 9
2024/3/30, 87, 89, 12
2024/3/31, 141, 44, 6
2023/10/1, 41, 17, 15
2023/10/2, 47, 17, 7
2023/10/3, 45, 11, 5
2023/10/4, 32, 11, 7
2023/10/5, 31, 14, 6
2023/10/6, 44, 9, 3
2023/10/7, 32, 6, 3
2023/10/8, 20, 11, 8
2023/10/9, 38, 12, 8
2023/10/10, 42, 20, 10
2023/10/11, 50, 15, 7
2023/10/12, 40, 14, 6
2023/10/13, 45, , 
2023/10/16, 33, 19, 15
2023/10/17, 40, 19, 12
2023/10/18, 57, 24, 6
2023/10/19, 70, 10, 4
2023/10/20, 35, 18, 10
2023/10/21, 55, 15, 10
2023/10/22, 46, 13, 12
2023/10/23, 40, 20, 9
2023/10/24, 60, 19, 10
2023/10/25, 57, 14, 6
2023/10/26, 50, 17, 5
2023/10/27, 55, 13, 8
2023/10/28, 47, 10, 7
2023/10/29, 32, 8, 8
2023/10/30, 22, 10, 5
2023/10/31, 27, 11, 8
2023/11/1, 29, 12, 9
2023/11/2, 35, 11, 11
2023/11/3, 34, 8, 4
2023/11/4, 23, 6, 4
2023/11/5, 19, 7, 5
2023/11/6, 19, 10, 6
2023/11/7, 20, 16, 8
2023/11/8, 30, 9, 8
2023/11/9, 23, 9, 8
2023/11/10, 24, 10, 9
2023/11/11, 33, 11, 8
2023/11/12, 40, 12, 11
2023/11/13, 40, 9, 6
2023/11/14, 27, 8, 9
2023/11/15, 25, 8, 8
2023/11/16, 24, 8, 5
2023/11/17, 28, 11, 6
2023/11/18, 40, 10, 5
2023/11/19, 35, 7, 9
2023/11/20, 25, 12, 4
2023/11/21, 42, 14, 9
2023/11/22, 47, 11, 5
2023/11/23, 38, 7, 4
2023/11/24, 19, 6, 5
2023/11/25, 20, 7, 5
2023/11/26, 25, 16, 12
2023/11/27, 55, 14, 8
2023/11/28, 50, 13, 9
2023/11/29, 49, 16, 15
2023/11/30, 54, 18, 16
2023/12/1, 60, 14, 10
2023/12/2, 52, 14, 7
2023/12/3, 53, 21, 13
2023/12/4, 67, 29, 10
2023/12/5, 85, 30, 12
2023/12/6, 87, 21, 11
2023/12/7, 68, 21, 9
2023/12/8, 69, 21, 11
2023/12/9, 68, 10, 7
2023/12/10, 35, 7, 8
2023/12/11, 22, 14, 11
2023/12/12, 42, 17, 9
2023/12/13, 58, 13, 6
2023/12/14, 48, 18, 10
2023/12/15, 57, 17, 5
2023/12/16, 52, 13, 6
2023/12/17, 45, 16, 6
2023/12/18, 51, 12, 10
2023/12/19, 44, 11, 6
2023/12/20, 31, 6, 4
2023/12/21, 16, 7, 3
2023/12/22, 20, 4, 4
2023/12/23, 14, 5, 4
2023/12/24, 17, 5, 2
2023/12/25, 15, 5, 2
2023/12/26, 15, 10, 7
2023/12/27, 30, 11, 6
2023/12/28, 28, 13, 3
2023/12/29, 21, 8, 8
2023/12/30, 26, 17, 8
2023/12/31, 55, 28, 7
2023/7/1, 36, 16, 2
2023/7/2, 36, 21, 6
2023/7/3, 45, 20, 5
2023/7/4, 42, 28, 6
2023/7/5, 42, 12, 6
2023/7/6, 25, 12, 10
2023/7/7, 22, 17, 4
2023/7/8, 36, 15, 2
2023/7/9, 34, 19, 6
2023/7/10, 43, 18, 4
2023/7/11, 37, 22, 5
2023/7/12, 36, 19, 6
2023/7/13, 33, 16, 5
2023/7/14, 31, 19, 5
2023/7/15, 37, 14, 4
2023/7/16, 28, 21, 7
2023/7/17, 33, 15, 5
2023/7/18, 26, 20, 9
2023/7/19, 32, 11, 3
2023/7/20, 29, 14, 9
2023/7/21, 31, 12, 5
2023/7/22, 35, 15, 5
2023/7/23, 34, 14, 6
2023/7/24, 26, 15, 3
2023/7/25, 33, 11, 4
2023/7/26, 24, 13, 5
2023/7/27, 34, 11, 4
2023/7/28, 31, 11, 7
2023/7/29, 35, 11, 4
2023/7/30, 32, 13, 3
2023/7/31, 30, 10, 3
2023/8/1, 28, 27, 4
2023/8/2, 36, 15, 4
2023/8/3, 22, 12, 4
2023/8/4, 32, 12, 3
2023/8/5, 33, 12, 3
2023/8/6, 44, 13, 3
2023/8/7, 27, 10, 4
2023/8/8, 24, 10, 5
2023/8/9, 23, 15, 8
2023/8/10, 32, 18, 13
2023/8/11, 41, 18, 8
2023/8/12, 47, 12, 5
2023/8/13, 30, 18, 7
2023/8/14, 39, 15, 7
2023/8/15, 39, 12, 3
2023/8/16, 35, 16, 2
2023/8/17, 34, 18, 3
2023/8/18, 45, 21, 6
2023/8/19, 54, 16, 4
2023/8/20, 42, 20, 4
2023/8/21, 38, 20, 5
2023/8/22, 33, 23, 9
2023/8/23, 42, 21, 10
2023/8/24, 40, 27, 8
2023/8/25, 53, 13, 5
2023/8/26, 32, 14, 7
2023/8/27, 40, 13, 5
2023/8/28, 29, 11, 6
2023/8/29, 33, 11, 7
2023/8/30, 29, 10, 5
2023/8/31, 29, 23, 8
2023/9/1, 40, 21, 13
2023/9/2, 56, 13, 5
2023/9/3, 38, 21, 12
2023/9/4, 41, 17, 11
2023/9/5, 38, 20, 10
2023/9/6, 44, 25, 7
2023/9/7, 51, , 
2023/9/10, 61, 38, 21
2023/9/11, 67, 36, 17
2023/9/12, 59, 14, 6
2023/9/13, 38, 10, 6
2023/9/14, 26, 12, 5
2023/9/15, 30, 15, 5
2023/9/16, 36, 19, 8
2023/9/17, 53, 19, 6
2023/9/18, 45, 15, 5
2023/9/19, 28, 18, 8
2023/9/20, 32, 19, 9
2023/9/21, 35, 13, 8
2023/9/22, 37, 10, 6
2023/9/23, 27, 12, 5
2023/9/24, 38, 17, 7
2023/9/25, 44, 23, 8
2023/9/26, 59, 27, 13
2023/9/27, 63, 33, 18
2023/9/28, 68, 29, 19
2023/9/29, 65, 12, 5
2023/9/30, 32, 13, 7
2023/4/1, 32, 7, 1
2023/4/2, 22, 8, 6
2023/4/3, 19, 10, 9
2023/4/4, 25, 13, 11
2023/4/5, 37, 23, 9
2023/4/6, 50, 15, 5
2023/4/7, 48, 21, 3
2023/4/8, 67, 28, 9
2023/4/9, 80, 23, 6
2023/4/10, 69, 11, 6
2023/4/11, 32, 10, 10
2023/4/12, 32, 17, 10
2023/4/13, 39, 12, 12
2023/4/14, 42, 17, 4
2023/4/15, 56, 18, 3
2023/4/16, 61, 22, 6
2023/4/17, 66, 27, 7
2023/4/18, 60, 15, 6
2023/4/19, 39, 19, 4
2023/4/20, 57, 27, 6
2023/4/21, 62, 24, 6
2023/4/22, 61, 18, 6
2023/4/23, 52, 12, 5
2023/4/24, 29, 13, 4
2023/4/25, 32, 14, 5
2023/4/26, 31, 13, 8
2023/4/27, 34, 23, 12
2023/4/28, 55, 19, 6
2023/4/29, 60, 12, 3
2023/4/30, 34, 19, 8
2023/5/1, 52, 17, 6
2023/5/2, 44, 16, 6
2023/5/3, 35, 20, 6
2023/5/4, 42, 26, 2
2023/5/5, 44, 14, 3
2023/5/6, 44, 12, 1
2023/5/7, 39, 15, 4
2023/5/8, 37, 20, 4
2023/5/9, 38, 21, 5
2023/5/10, 45, 22, 7
2023/5/11, 47, 26, 3
2023/5/12, 46, 26, 4
2023/5/13, 48, 23, 6
2023/5/14, 53, 28, 12
2023/5/15, 56, 19, 3
2023/5/16, 43, 16, 4
2023/5/17, 32, 13, 2
2023/5/18, 29, 14, 3
2023/5/19, 26, 17, 2
2023/5/20, 45, 28, 2
2023/5/21, 61, 24, 3
2023/5/22, 40, 24, 6
2023/5/23, 52, 19, 4
2023/5/24, 45, 20, 5
2023/5/25, 52, 21, 4
2023/5/26, 48, 13, 3
2023/5/27, 31, 16, 4
2023/5/28, 37, 12, 2
2023/5/29, 31, 24, 5
2023/5/30, 32, 32, 8
2023/5/31, 32, 29, 3
2023/6/1, 47, 20, 3
2023/6/2, 37, 12, 1
2023/6/3, 19, 11, 2
2023/6/4, 20, 18, 5
2023/6/5, 24, 26, 7
2023/6/6, 39, 24, 7
2023/6/7, 39, 26, 6
2023/6/8, 44, 25, 4
2023/6/9, 44, 21, 2
2023/6/10, 49, 22, 2
2023/6/11, 42, 28, 4
2023/6/12, 43, 27, 5
2023/6/13, 39, 23, 5
2023/6/14, 42, 21, 4
2023/6/15, 42, 16, 6
2023/6/16, 49, 18, 6
2023/6/17, 56, 22, 8
2023/6/18, 62, 36, 7
2023/6/19, 72, 34, 9
2023/6/20, 82, 25, 7
2023/6/21, 67, 17, 5
2023/6/22, 44, 16, 5
2023/6/23, 51, 16, 3
2023/6/24, 43, 17, 9
2023/6/25, 46, 20, 8
2023/6/26, 52, 13, 4
2023/6/27, 31, 12, 3
2023/6/28, 29, 15, 10
2023/6/29, 39, 16, 6
2023/6/30, 49, 16, 5
2023/1/2, 36, 15, 11
2023/1/3, 43, 9, 6
2023/1/4, 33, 6, 3
2023/1/5, 17, 9, 8
2023/1/6, 31, 12, 9
2023/1/7, 41, 13, 6
2023/1/8, 49, 13, 11
2023/1/9, 43, 15, 8
2023/1/10, 45, 9, 7
2023/1/11, 27, 8, 6
2023/1/12, 28, 7, 6
2023/1/13, 16, 9, 4
2023/1/14, 27, 5, 2
2023/1/15, 14, 9, 8
2023/1/16, 25, 10, 12
2023/1/17, 29, 33, 19
2023/1/18, 62, 20, 14
2023/1/19, 62, 27, 12
2023/1/20, 71, 13, 3
2023/1/21, 42, 11, 2
2023/1/22, 42, 19, 5
2023/1/23, 62, 26, 12
2023/1/24, 74, 23, 10
2023/1/25, 66, 16, 10
2023/1/26, 54, 10, 6
2023/1/27, 36, 10, 5
2023/1/28, 27, 17, 6
2023/1/29, 58, 11, 4
2023/1/30, 38, 11, 6
2023/1/31, 32, 9, 4
2023/2/1, 27, 10, 8
2023/2/2, 27, 10, 5
2023/2/3, 34, 6, 3
2023/2/4, 18, 12, 11
2023/2/5, 39, 19, 18
2023/2/6, 62, 31, 24
2023/2/7, 85, 39, 18
2023/2/8, 97, 29, 12
2023/2/9, 59, 31, 12
2023/2/10, 79, 24, 7
2023/2/11, 72, 11, 5
2023/2/12, 37, 14, 8
2023/2/13, 47, 25, 8
2023/2/14, 67, 36, 15
2023/2/15, 88, 74, 16
2023/2/16, 89, 19, 7
2023/2/17, 55, 7, 2
2023/2/18, 21, 7, 4
2023/2/19, 22, 11, 6
2023/2/20, 38, 11, 4
2023/2/21, 32, 21, 10
2023/2/22, 53, 32, 10
2023/2/23, 80, 14, 5
2023/2/24, 38, 6, 2
2023/2/25, 17, 5, 2
2023/2/26, 17, 10, 11
2023/2/27, 27, 17, 12
2023/2/28, 41, 36, 23
2023/3/1, 62, 27, 15
2023/3/2, 70, 22, 9
2023/3/3, 63, 14, 3
2023/3/4, 39, 9, 4
2023/3/5, 24, 9, 8
2023/3/6, 30, 12, 7
2023/3/7, 40, 11, 4
2023/3/8, 39, 20, 6
2023/3/9, 66, 14, 9
2023/3/10, 52, 10, 4
2023/3/11, 36, 10, 4
2023/3/12, 31, 10, 5
2023/3/13, 33, 8, 4
2023/3/14, 17, 11, 7
2023/3/15, 27, 11, 10
2023/3/16, 27, 19, 9
2023/3/17, 43, 23, 11
2023/3/18, 56, 30, 14
2023/3/19, 80, 20, 9
2023/3/20, 56, 25, 9
2023/3/21, 69, 16, 7
2023/3/22, 47, 10, 7
2023/3/23, 26, 11, 8
2023/3/24, 33, 6, 5
2023/3/25, 18, 8, 2
2023/3/26, 23, 13, 4
2023/3/27, 22, 10, 6
2023/3/28, 18, 18, 11
2023/3/29, 50, 16, 11
2023/3/30, 44, 9, 8
2023/3/31, 26, 9, 4
2022/10/1, 46, 11, 4
2022/10/2, 34, 12, 1
2022/10/3, 33, 14, 7
2022/10/4, 40, 17, 10
2022/10/5, 43, 14, 8
2022/10/6, 33, 20, 16
2022/10/7, 51, 16, 9
2022/10/8, 46, 13, 6
2022/10/9, 35, 16, 9
2022/10/10, 44, 18, 10
2022/10/11, 44, 25, 16
2022/10/12, 59, 37, 15
2022/10/13, 75, 28, 15
2022/10/14, 72, 19, 9
2022/10/15, 59, 13, 8
2022/10/16, 35, 21, 13
2022/10/17, 51, 19, 13
2022/10/18, 56, 11, 7
2022/10/19, 26, 13, 6
2022/10/20, 38, 20, 10
2022/10/21, 57, 20, 9
2022/10/22, 59, 16, 7
2022/10/23, 49, 14, 8
2022/10/24, 39, 13, 10
2022/10/25, 38, 17, 15
2022/10/26, 52, 19, 14
2022/10/27, 55, 19, 12
2022/10/28, 53, 25, 13
2022/10/29, 65, 36, 14
2022/10/30, 87, 38, 15
2022/10/31, 93, 27, 11
2022/11/1, 76, 16, 10
2022/11/2, 39, 18, 11
2022/11/3, 47, 46, 10
2022/11/4, 69, 16, 9
2022/11/5, 45, 16, 6
2022/11/6, 52, 36, 8
2022/11/7, 55, 15, 10
2022/11/8, 37, 12, 11
2022/11/9, 37, 25, 9
2022/11/10, 47, 15, 13
2022/11/11, 41, 23, 18
2022/11/12, 63, 24, 4
2022/11/13, 71, 33, 7
2022/11/14, 87, 31, 12
2022/11/15, 81, 25, 6
2022/11/16, 70, 19, 4
2022/11/17, 58, 20, 8
2022/11/18, 65, 14, 11
2022/11/19, 48, 19, 9
2022/11/20, 63, 21, 13
2022/11/21, 67, 23, 8
2022/11/22, 71, 27, 10
2022/11/23, 77, 39, 13
2022/11/24, 97, 31, 12
2022/11/25, 84, 25, 8
2022/11/26, 65, 22, 8
2022/11/27, 65, 26, 8
2022/11/28, 76, 35, 9
2022/11/29, 93, 41, 8
2022/11/30, 109, 34, 7
2022/12/1, 94, 27, 5
2022/12/2, 78, 36, 5
2022/12/3, 98, 41, 6
2022/12/4, 110, 30, 8
2022/12/5, 81, 14, 7
2022/12/6, 48, 14, 8
2022/12/7, 42, 14, 12
2022/12/8, 48, 19, 16
2022/12/9, 62, 19, 8
2022/12/10, 64, 17, 7
2022/12/11, 59, 14, 8
2022/12/12, 50, 20, 13
2022/12/13, 64, 30, 19
2022/12/14, 84, 41, 19
2022/12/15, 109, 45, 19
2022/12/16, 114, 28, 12
2022/12/17, 82, 24, 9
2022/12/18, 75, 22, 10
2022/12/19, 68, 19, 10
2022/12/20, 61, 21, 12
2022/12/21, 65, 17, 11
2022/12/22, 55, 15, 13
2022/12/23, 53, 13, 6
2022/12/24, 45, 15, 9
2022/12/25, 52, 9, 3
2022/12/26, 28, 11, 4
2022/12/27, 33, 9, 4
2022/12/28, 31, 7, 4
2022/12/29, 22, 10, 5
2022/12/30, 30, 9, 3
2022/12/31, 28, 26, 6
2023/1/1, 59, 14, 6
2022/7/1, 51, 16, 5
2022/7/2, 39, 15, 4
2022/7/3, 36, 14, 5
2022/7/4, 31, 16, 7
2022/7/5, 29, 12, 3
2022/7/6, 20, 10, 6
2022/7/7, 28, 13, 4
2022/7/8, 35, 10, 4
2022/7/9, 29, 10, 2
2022/7/10, 23, 11, 4
2022/7/11, 25, 10, 5
2022/7/12, 21, 14, 7
2022/7/13, 24, 13, 2
2022/7/14, 27, 17, 3
2022/7/15, 24, 9, 2
2022/7/16, 18, 12, 2
2022/7/17, 27, 17, 12
2022/7/18, 35, 22, 11
2022/7/19, 37, 29, 8
2022/7/20, 45, 28, 9
2022/7/21, 56, 14, 4
2022/7/22, 40, 14, 2
2022/7/23, 37, 10, 6
2022/7/24, 22, 20, 7
2022/7/25, 39, 14, 4
2022/7/26, 32, 13, 3
2022/7/27, 24, 17, 6
2022/7/28, 30, 22, 3
2022/7/29, 35, 18, 2
2022/7/30, 28, 19, 6
2022/7/31, 45, 12, 4
2022/8/1, 32, 18, 5
2022/8/2, 34, 22, 12
2022/8/3, 39, 29, 16
2022/8/4, 46, 17, 5
2022/8/5, 38, 7, 2
2022/8/6, 17, 11, 3
2022/8/7, 25, 18, 5
2022/8/8, 32, 19, 3
2022/8/9, 31, 18, 4
2022/8/10, 32, 24, 5
2022/8/11, 35, 24, 4
2022/8/12, 31, 24, 5
2022/8/13, 47, 22, 2
2022/8/14, 49, 24, 4
2022/8/15, 54, 23, 12
2022/8/16, 58, 26, 16
2022/8/17, 55, 29, 9
2022/8/18, 56, 18, 4
2022/8/19, 57, 18, 3
2022/8/20, 56, 12, 4
2022/8/21, 32, 14, 7
2022/8/22, 36, 15, 4
2022/8/23, 40, 20, 5
2022/8/24, 53, 29, 4
2022/8/25, 61, 31, 8
2022/8/26, 65, 16, 2
2022/8/27, 50, 17, 2
2022/8/28, 50, 15, 5
2022/8/29, 40, 10, 5
2022/8/30, 29, 8, 4
2022/8/31, 17, 8, 4
2022/9/1, 18, 10, 5
2022/9/2, 21, 13, 4
2022/9/3, 26, 13, 3
2022/9/4, 29, 20, 4
2022/9/5, 48, 20, 3
2022/9/6, 35, 24, 5
2022/9/7, 46, 24, 9
2022/9/8, 54, 12, 7
2022/9/9, 33, 11, 7
2022/9/10, 32, 16, 5
2022/9/11, 53, 12, 11
2022/9/12, 35, 16, 11
2022/9/13, 49, 16, 8
2022/9/14, 35, 13, 7
2022/9/15, 32, 12, 6
2022/9/16, 23, 10, 3
2022/9/17, 27, 8, 2
2022/9/18, 24, 8, 6
2022/9/19, 26, 8, 8
2022/9/20, 23, 10, 10
2022/9/21, 29, 11, 12
2022/9/22, 29, 16, 14
2022/9/23, 48, 21, 10
2022/9/24, 63, 20, 6
2022/9/25, 63, 13, 7
2022/9/26, 34, 8, 7
2022/9/27, 25, 10, 7
2022/9/28, 31, 16, 11
2022/9/29, 50, 19, 14
2022/9/30, 56, 15, 9
2022/4/1, 38, 25, 2
2022/4/2, 27, 10, 2
2022/4/3, 28, 10, 5
2022/4/4, 50, 10, 6
2022/4/5, 32, 14, 6
2022/4/6, 46, 9, 5
2022/4/7, 25, 8, 5
2022/4/8, 23, 9, 4
2022/4/9, 27, 8, 3
2022/4/10, 25, 12, 8
2022/4/11, 32, 16, 7
2022/4/12, 47, 25, 13
2022/4/13, 59, 20, 11
2022/4/14, 53, 13, 3
2022/4/15, 47, 7, 2
2022/4/16, 23, 10, 5
2022/4/17, 36, 13, 4
2022/4/18, 42, 11, 3
2022/4/19, 29, 13, 5
2022/4/20, 36, 17, 5
2022/4/21, 53, 21, 6
2022/4/22, 60, 19, 4
2022/4/23, 59, 17, 2
2022/4/24, 49, 16, 3
2022/4/25, 49, 18, 7
2022/4/26, 43, 17, 5
2022/4/27, 42, 24, 8
2022/4/28, 53, 30, 12
2022/4/29, 53, 23, 9
2022/4/30, 51, 16, 3
2022/5/1, 43, 21, 7
2022/5/2, 51, 20, 8
2022/5/3, 41, 31, 9
2022/5/4, 53, 22, 6
2022/5/5, 54, 22, 11
2022/5/6, 48, 21, 9
2022/5/7, 47, 14, 2
2022/5/8, 37, 19, 4
2022/5/9, 46, 24, 8
2022/5/10, 46, 27, 7
2022/5/11, 54, 15, 5
2022/5/12, 34, 21, 7
2022/5/13, 46, 20, 4
2022/5/14, 48, 11, 4
2022/5/15, 29, 20, 3
2022/5/16, 32, 19, 9
2022/5/17, 46, 26, 5
2022/5/18, 41, 25, 10
2022/5/19, 47, 19, 5
2022/5/20, 45, 14, 3
2022/5/21, 34, 9, 3
2022/5/22, 26, 13, 3
2022/5/23, 33, 12, 6
2022/5/24, 33, 12, 8
2022/5/25, 31, 13, 4
2022/5/26, 30, 15, 3
2022/5/27, 37, 10, 2
2022/5/28, 24, 10, 3
2022/5/29, 28, 11, 4
2022/5/30, 32, 12, 6
2022/5/31, 30, 12, 7
2022/6/1, 37, 11, 6
2022/6/2, 33, 16, 11
2022/6/3, 40, 12, 3
2022/6/4, 35, 18, 3
2022/6/5, 51, 16, 4
2022/6/6, 47, 15, 8
2022/6/7, 34, 15, 8
2022/6/8, 31, 19, 8
2022/6/9, 40, 15, 5
2022/6/10, 34, 17, 8
2022/6/11, 36, 17, 5
2022/6/12, 45, 13, 3
2022/6/13, 28, 13, 4
2022/6/14, 28, 19, 9
2022/6/15, 41, 16, 4
2022/6/16, 35, 14, 7
2022/6/17, 28, 25, 7
2022/6/18, 44, 33, 3
2022/6/19, 56, 12, 6
2022/6/20, 37, 12, 4
2022/6/21, 28, 14, 8
2022/6/22, 30, 16, 4
2022/6/23, 34, 21, 7
2022/6/24, 42, 25, 6
2022/6/25, 67, 22, 7
2022/6/26, 63, 23, 5
2022/6/27, 53, 11, 3
2022/6/28, 30, 12, 3
2022/6/29, 24, 20, 4
2022/6/30, 51, 18, 5
2022/2/21, 22, 7, 3
2022/2/22, 34, 13, 5
2022/2/23, 38, 15, 8
2022/2/24, 37, 13, 10
2022/2/25, 27, 10, 5
2022/2/26, 38, 12, 5
2022/2/27, 66, 21, 8
2022/2/28, 60, 19, 7
2022/3/1, 64, 23, 14
2022/3/2, 85, 36, 19
2022/3/3, 78, 29, 16
2022/3/4, 51, 16, 8
2022/3/5, 55, 17, 7
2022/3/6, 52, 15, 4
2022/3/7, 46, 16, 9
2022/3/8, 48, 18, 16
2022/3/9, 73, 30, 19
2022/3/10, 72, 27, 7
2022/3/11, 59, 26, 5
2022/3/12, 64, 25, 6
2022/3/13, 66, 23, 5
2022/3/14, 75, 32, 9
2022/3/15, 71, 26, 10
2022/3/16, 69, 24, 7
2022/3/17, 116, 47, 12
2022/3/18, 41, 16, 5
2022/3/19, 62, 24, 3
2022/3/20, 88, 36, 4
2022/3/21, 72, 32, 7
2022/3/22, 72, 36, 14
2022/3/23, 89, 46, 16
2022/3/24, 83, 38, 9
2022/3/25, 89, 46, 17
2022/3/26, 73, 30, 6
2022/3/27, 57, 19, 10
2022/3/28, 50, 20, 8
2022/3/29, 55, 22, 5
2022/3/30, 40, 20, 7
2022/3/31, 44, 23, 3
2024/12/31, , 25, 4
2023/10/15, , 18, 8
2023/9/9, , 28, 14
2022/1/3, , 9, 5
2022/1/4, , 8, 10
2022/1/5, , 9, 5
2022/1/6, , 9, 9
2022/1/7, , 15, 10
2022/1/8, , 17, 9
2022/1/9, , 12, 7
2022/1/10, , 28, 9
2022/1/11, , 34, 10
2022/1/12, , 22, 10
2022/1/13, , 19, 6
2022/1/14, , 20, 6
2022/1/15, , 20, 7
2022/1/16, , 23, 6
2022/1/17, , 14, 4
2022/1/18, , 14, 9
2022/1/19, , 18, 5
2022/1/20, , 11, 3
2022/1/21, , 13, 6
2022/1/22, , 13, 6
2022/1/23, , 9, 4
2022/1/24, , 12, 7
2022/1/25, , 19, 7
2022/1/26, , 19, 6
2022/1/27, , 17, 5
2022/1/28, , 16, 4
2022/1/29, , 14, 4
2022/1/30, , 14, 1
2022/1/31, , 28, 8
2022/2/1, , 14, 5
2022/2/2, , 10, 3
2022/2/3, , 14, 11
2022/2/4, , 12, 7
2022/2/5, , 8, 3
2022/2/6, , 5, 2
2022/2/7, , 11, 4
2022/2/8, , 13, 7
2022/2/9, , 11, 5
2022/2/10, , 13, 8
2022/2/11, , 12, 7
2022/2/12, , 13, 9
2022/2/13, , 17, 8
2022/2/14, , 17, 9
2022/2/15, , 16, 9
2022/2/16, , 7, 5
2022/2/17, , 7, 2
2022/2/18, , 10, 5
2022/2/19, , 9, 3
2022/2/20, , 6, 3
2021/10/1, , 11, 8
2021/10/2, , 13, 5
2021/10/3, , 20, 10
2021/10/4, , 12, 9
2021/10/5, , 15, 9
2021/10/6, , 11, 15
2021/10/7, , 11, 6
2021/10/8, , 24, 5
2021/10/9, , 19, 9
2021/10/10, , 21, 13
2021/10/11, , 18, 6
2021/10/12, , 7, 8
2021/10/13, , 7, 8
2021/10/14, , 11, 7
2021/10/15, , 10, 6
2021/10/16, , 8, 7
2021/10/17, , 9, 14
2021/10/18, , 23, 12
2021/10/19, , 26, 7
2021/10/20, , 14, 4
2021/10/21, , 18, 4
2021/10/22, , 16, 5
2021/10/23, , 18, 11
2021/10/24, , 16, 15
2021/10/25, , 21, 15
2021/10/26, , 32, 10
2021/10/27, , 13, 12
2021/10/28, , 18, 14
2021/10/29, , 32, 12
2021/10/30, , 38, 8
2021/10/31, , 26, 11
2021/11/1, , 29, 12
2021/11/2, , 20, 12
2021/11/3, , 23, 7
2021/11/4, , 18, 7
2021/11/5, , 11, 5
2021/11/6, , 14, 4
2021/11/7, , 10, 6
2021/11/8, , 13, 11
2021/11/9, , 23, 16
2021/11/10, , 26, 15
2021/11/11, , 24, 9
2021/11/12, , 21, 10
2021/11/13, , 27, 7
2021/11/14, , 34, 6
2021/11/15, , 30, 8
2021/11/16, , 35, 9
2021/11/17, , 16, 8
2021/11/18, , 22, 5
2021/11/19, , 16, 5
2021/11/20, , 15, 6
2021/11/21, , 14, 8
2021/11/22, , 8, 9
2021/11/23, , 13, 9
2021/11/24, , 13, 9
2021/11/25, , 23, 8
2021/11/26, , 19, 10
2021/11/27, , 20, 11
2021/11/28, , 22, 7
2021/11/29, , 16, 6
2021/11/30, , 9, 7
2021/12/1, , 7, 5
2021/12/2, , 6, 7
2021/12/3, , 11, 6
2021/12/4, , 15, 6
2021/12/5, , 27, 9
2021/12/6, , 24, 7
2021/12/7, , 24, 8
2021/12/8, , 27, 10
2021/12/9, , 34, 12
2021/12/10, , 37, 14
2021/12/11, , 23, 11
2021/12/12, , 23, 13
2021/12/13, , 16, 12
2021/12/14, , 18, 10
2021/12/15, , 18, 7
2021/12/16, , 15, 5
2021/12/17, , 14, 4
2021/12/18, , 8, 2
2021/12/19, , 7, 10
2021/12/20, , 9, 10
2021/12/21, , 15, 11
2021/12/22, , 20, 14
2021/12/23, , 27, 8
2021/12/24, , 11, 13
2021/12/25, , 9, 14
2021/12/26, , 21, 10
2021/12/27, , 37, 10
2021/12/28, , 39, 13
2021/12/29, , 20, 9
2021/12/30, , 16, 3
2021/12/31, , 9, 4
2022/1/1, , 20, 5
2022/1/2, , 12, 
2021/7/1, , 10, 3
2021/7/2, , 19, 3
2021/7/3, , 18, 3
2021/7/4, , 16, 5
2021/7/5, , 17, 6
2021/7/6, , 10, 6
2021/7/7, , 8, 6
2021/7/8, , 14, 3
2021/7/9, , 12, 3
2021/7/10, , 13, 3
2021/7/11, , 15, 4
2021/7/12, , 17, 5
2021/7/13, , 16, 3
2021/7/14, , 19, 6
2021/7/15, , 12, 6
2021/7/16, , 18, 2
2021/7/17, , 17, 2
2021/7/18, , 11, 2
2021/7/19, , 14, 4
2021/7/20, , 15, 4
2021/7/21, , 14, 5
2021/7/22, , 16, 7
2021/7/30, , 19, 5
2021/7/31, , 16, 1
2021/8/1, , 10, 2
2021/8/2, , 9, 5
2021/8/3, , 19, 4
2021/8/4, , 12, 6
2021/8/5, , 16, 7
2021/8/6, , 15, 4
2021/8/7, , 9, 3
2021/8/8, , 9, 5
2021/8/9, , 8, 7
2021/8/10, , 11, 7
2021/8/11, , 12, 15
2021/8/12, , 18, 13
2021/8/13, , 22, 4
2021/8/14, , 16, 4
2021/8/15, , 15, 5
2021/8/16, , 15, 5
2021/8/17, , 12, 5
2021/8/18, , 16, 4
2021/8/19, , 14, 5
2021/8/20, , 12, 4
2021/8/21, , 11, 3
2021/8/22, , 11, 3
2021/8/23, , 11, 2
2021/8/24, , 8, 7
2021/8/25, , 11, 4
2021/8/26, , 9, 3
2021/8/27, , 5, 4
2021/8/28, , 8, 4
2021/8/29, , 6, 4
2021/8/30, , 10, 3
2021/8/31, , 13, 6
2021/9/1, , 16, 7
2021/9/2, , 18, 9
2021/9/3, , 19, 7
2021/9/4, , 19, 4
2021/9/5, , 17, 7
2021/9/6, , 16, 8
2021/9/7, , 21, 14
2021/9/8, , 26, 10
2021/9/9, , 30, 14
2021/9/10, , 25, 11
2021/9/11, , 21, 5
2021/9/12, , 16, 5
2021/9/13, , 12, 7
2021/9/14, , 15, 8
2021/9/15, , 23, 6
2021/9/16, , 14, 3
2021/9/17, , 14, 2
2021/9/18, , 8, 2
2021/9/19, , 10, 6
2021/9/20, , 63, 7
2021/9/21, , 35, 6
2021/9/22, , 16, 8
2021/9/23, , 23, 5
2021/9/24, , 16, 8
2021/9/25, , 20, 8
2021/9/26, , 20, 10
2021/9/27, , 19, 7
2021/9/28, , 15, 8
2021/9/29, , 18, 7
2021/9/30, , 9, 9
2021/4/1, , 35, 2
2021/4/2, , 9, 2
2021/4/3, , 7, 6
2021/4/4, , 11, 2
2021/4/5, , 12, 4
2021/4/6, , 12, 4
2021/4/7, , 12, 4
2021/4/8, , 10, 6
2021/4/9, , 16, 5
2021/4/10, , 15, 4
2021/4/11, , 25, 4
2021/4/12, , 11, 6
2021/4/13, , 15, 5
2021/4/14, , 15, 5
2021/4/15, , 10, 3
2021/4/16, , 9, 3
2021/4/17, , 24, 4
2021/4/18, , 18, 9
2021/4/19, , 21, 7
2021/4/20, , 21, 7
2021/4/21, , 23, 3
2021/4/22, , 16, 3
2021/4/23, , 13, 3
2021/4/24, , 10, 3
2021/4/25, , 8, 5
2021/4/26, , 10, 4
2021/4/27, , 12, 5
2021/4/28, , 25, 9
2021/4/29, , 25, 4
2021/4/30, , 15, 3
2021/5/1, , 17, 4
2021/5/2, , 20, 5
2021/5/3, , 10, 6
2021/5/4, , 18, 3
2021/5/5, , 10, 4
2021/5/6, , 11, 9
2021/5/7, , 9, 4
2021/5/8, , 10, 4
2021/5/9, , 10, 7
2021/5/10, , 15, 5
2021/5/11, , 20, 4
2021/5/12, , 14, 2
2021/5/13, , 8, 3
2021/5/14, , 5, 5
2021/5/15, , 9, 3
2021/5/16, , 7, 5
2021/5/17, , 7, 5
2021/5/18, , 9, 5
2021/5/19, , 11, 4
2021/5/20, , 10, 5
2021/5/21, , 13, 5
2021/5/22, , 11, 2
2021/5/23, , 6, 4
2021/5/24, , 9, 5
2021/5/25, , 8, 4
2021/5/26, , 13, 4
2021/5/27, , 7, 5
2021/5/28, , 9, 3
2021/5/29, , 14, 1
2021/5/30, , 10, 4
2021/5/31, , 12, 11
2021/6/1, , 20, 3
2021/6/2, , 14, 4
2021/6/3, , 21, 6
2021/6/4, , 25, 2
2021/6/5, , 16, 2
2021/6/6, , 23, 3
2021/6/7, , 16, 5
2021/6/8, , 21, 3
2021/6/9, , 11, 8
2021/6/10, , 21, 4
2021/6/11, , 18, 6
2021/6/12, , 22, 1
2021/6/13, , 12, 8
2021/6/14, , 19, 4
2021/6/15, , 19, 3
2021/6/16, , 13, 5
2021/6/17, , 23, 5
2021/6/18, , 26, 6
2021/6/19, , 27, 4
2021/6/20, , 27, 4
2021/6/21, , 20, 4
2021/6/22, , 16, 5
2021/6/23, , 35, 4
2021/6/24, , 19, 4
2021/6/25, , 16, 3
2021/6/26, , 14, 2
2021/6/27, , 11, 5
2021/6/28, , 17, 8
2021/6/29, , 36, 6
2021/6/30, , 18, 3
2021/1/4, , 11, 4
2021/1/5, , 15, 5
2021/1/6, , 5, 6
2021/1/7, , 10, 9
2021/1/8, , 14, 6
2021/1/9, , 11, 5
2021/1/10, , 15, 10
2021/1/11, , 15, 8
2021/1/12, , 11, 4
2021/1/13, , 7, 6
2021/1/14, , 9, 5
2021/1/15, , 9, 4
2021/1/16, , 10, 7
2021/1/17, , 14, 14
2021/1/18, , 26, 9
2021/1/19, , 12, 9
2021/1/20, , 10, 7
2021/1/21, , 8, 7
2021/1/22, , 7, 14
2021/1/23, , 17, 7
2021/1/24, , 13, 7
2021/1/25, , 17, 10
2021/1/26, , 22, 10
2021/1/27, , 18, 8
2021/1/28, , 12, 8
2021/1/29, , 11, 6
2021/1/30, , 12, 14
2021/1/31, , 17, 12
2021/2/1, , 27, 13
2021/2/2, , 28, 15
2021/2/3, , 21, 7
2021/2/4, , 12, 6
2021/2/5, , 19, 3
2021/2/6, , 19, 1
2021/2/7, , 21, 3
2021/2/8, , 17, 6
2021/2/9, , 18, 15
2021/2/10, , 23, 9
2021/2/11, , 10, 7
2021/2/12, , 8, 12
2021/2/13, , 12, 17
2021/2/14, , 23, 22
2021/2/15, , 25, 19
2021/2/16, , 29, 12
2021/2/17, , 20, 16
2021/2/18, , 18, 11
2021/2/19, , 18, 14
2021/2/20, , 20, 10
2021/2/21, , 25, 17
2021/2/22, , 34, 19
2021/2/23, , 42, 18
2021/2/24, , 43, 16
2021/2/25, , 54, 10
2021/2/26, , 16, 4
2021/2/27, , 10, 5
2021/2/28, , 12, 11
2021/3/1, , 19, 23
2021/3/2, , 34, 20
2021/3/3, , 38, 8
2021/3/4, , 28, 7
2021/3/5, , 11, 6
2021/3/6, , 10, 3
2021/3/7, , 11, 4
2021/3/8, , 8, 12
2021/3/9, , 16, 14
2021/3/10, , 24, 7
2021/3/11, , 18, 4
2021/3/12, , 8, 2
2021/3/13, , 5, 1
2021/3/14, , 6, 6
2021/3/15, , 9, 5
2021/3/16, , 9, 10
2021/3/17, , 12, 10
2021/3/18, , 13, 5
2021/3/19, , 13, 4
2021/3/20, , 8, 2
2021/3/21, , 8, 7
2021/3/22, , 9, 6
2021/3/23, , 13, 14
2021/3/24, , 38, 21
2021/3/25, , 46, 23
2021/3/26, , 51, 7
2021/3/27, , 20, 3
2021/3/28, , 10, 7
2021/3/29, , 14, 15
2021/3/30, , 25, 23
2021/3/31, , 37, 18
2020/10/1, , 24, 5
2020/10/2, , 31, 6
2020/10/3, , 23, 7
2020/10/4, , 8, 10
2020/10/5, , 10, 7
2020/10/6, , 7, 9
2020/10/7, , 7, 7
2020/10/8, , 11, 7
2020/10/9, , 8, 7
2020/10/10, , 11, 8
2020/10/11, , 10, 10
2020/10/12, , 11, 14
2020/10/13, , 17, 4
2020/10/14, , 5, 4
2020/10/15, , 6, 6
2020/10/16, , 7, 5
2020/10/17, , 11, 4
2020/10/18, , 13, 11
2020/10/19, , 12, 12
2020/10/20, , 23, 12
2020/10/21, , 22, 13
2020/10/22, , 27, 13
2020/10/23, , 20, 7
2020/10/24, , 13, 6
2020/10/25, , 12, 12
2020/10/26, , 20, 8
2020/10/27, , 11, 8
2020/10/28, , 11, 7
2020/10/29, , 10, 8
2020/10/30, , 9, 8
2020/10/31, , 11, 6
2020/11/1, , 15, 7
2020/11/2, , 8, 8
2020/11/3, , 13, 8
2020/11/4, , 11, 9
2020/11/5, , 14, 8
2020/11/6, , 19, 9
2020/11/7, , 22, 10
2020/11/8, , 33, 6
2020/11/9, , 35, 9
2020/11/10, , 25, 8
2020/11/11, , 23, 10
2020/11/12, , 24, 14
2020/11/13, , 22, 12
2020/11/14, , 22, 8
2020/11/15, , 16, 9
2020/11/16, , 14, 9
2020/11/17, , 9, 8
2020/11/18, , 12, 7
2020/11/19, , 10, 9
2020/11/20, , 10, 9
2020/11/21, , 15, 4
2020/11/22, , 9, 7
2020/11/23, , 10, 14
2020/11/24, , 19, 11
2020/11/25, , 22, 13
2020/11/26, , 24, 9
2020/11/27, , 18, 5
2020/11/28, , 11, 9
2020/11/29, , 11, 11
2020/11/30, , 14, 11
2020/12/1, , 24, 11
2020/12/2, , 36, 12
2020/12/3, , 40, 11
2020/12/4, , 24, 12
2020/12/5, , 26, 5
2020/12/6, , 19, 9
2020/12/7, , 19, 9
2020/12/8, , 33, 8
2020/12/9, , 36, 7
2020/12/10, , 33, 8
2020/12/11, , 25, 9
2020/12/12, , 33, 7
2020/12/13, , 33, 10
2020/12/14, , 24, 14
2020/12/15, , 23, 12
2020/12/16, , 21, 11
2020/12/17, , 18, 13
2020/12/18, , 20, 12
2020/12/19, , 17, 9
2020/12/20, , 19, 11
2020/12/21, , 16, 6
2020/12/22, , 8, 7
2020/12/23, , 12, 4
2020/12/24, , 7, 3
2020/12/25, , 5, 6
2020/12/26, , 11, 3
2020/12/27, , 9, 6
2020/12/28, , 13, 9
2020/12/29, , 17, 10
2020/12/30, , 11, 9
2020/12/31, , 15, 10
2021/1/1, , 29, 10
2021/1/2, , 17, 2
2021/1/3, , 11, 4
2020/7/1, , 8, 5
2020/7/2, , 10, 4
2020/7/3, , 10, 5
2020/7/4, , 12, 3
2020/7/5, , 9, 3
2020/7/6, , 12, 3
2020/7/7, , 10, 4
2020/7/8, , 9, 6
2020/7/9, , 12, 6
2020/7/10, , 10, 2
2020/7/11, , 6, 3
2020/7/12, , 6, 5
2020/7/13, , 9, 8
2020/7/14, , 15, 6
2020/7/15, , 13, 5
2020/7/16, , 12, 7
2020/7/17, , 14, 8
2020/7/18, , 20, 8
2020/7/19, , 24, 5
2020/7/20, , 17, 3
2020/7/21, , 11, 4
2020/7/22, , 10, 6
2020/7/23, , 10, 9
2020/7/24, , 18, 5
2020/7/25, , 13, 5
2020/7/26, , 16, 10
2020/7/27, , 12, 5
2020/7/28, , 32, 4
2020/7/29, , 17, 4
2020/7/30, , 15, 6
2020/7/31, , 36, 4
2020/8/1, , 19, 5
2020/8/2, , 16, 4
2020/8/3, , 20, 5
2020/8/4, , 13, 7
2020/8/5, , 18, 6
2020/8/6, , 18, 9
2020/8/7, , 28, 12
2020/8/8, , 36, 6
2020/8/9, , 33, 6
2020/8/10, , 25, 3
2020/8/11, , 24, 4
2020/8/12, , 24, 10
2020/8/13, , 33, 7
2020/8/14, , 25, 5
2020/8/15, , 25, 3
2020/8/16, , 21, 5
2020/8/17, , 26, 6
2020/8/18, , 15, 6
2020/8/19, , 13, 11
2020/8/20, , 19, 12
2020/8/21, , 19, 9
2020/8/22, , 18, 4
2020/8/23, , 12, 4
2020/8/24, , 12, 6
2020/8/25, , 14, 6
2020/8/26, , 11, 5
2020/8/27, , 10, 14
2020/8/28, , 14, 9
2020/8/29, , 13, 11
2020/8/30, , 18, 5
2020/8/31, , 11, 5
2020/9/1, , 9, 9
2020/9/2, , 9, 9
2020/9/3, , 13, 8
2020/9/4, , 12, 7
2020/9/5, , 11, 5
2020/9/6, , 10, 9
2020/9/7, , 11, 10
2020/9/8, , 14, 8
2020/9/9, , 17, 7
2020/9/10, , 13, 16
2020/9/11, , 22, 13
2020/9/12, , 21, 11
2020/9/13, , 18, 20
2020/9/14, , 29, 16
2020/9/15, , 32, 16
2020/9/16, , 33, 3
2020/9/17, , 7, 8
2020/9/18, , 7, 7
2020/9/19, , 12, 5
2020/9/20, , 11, 10
2020/9/21, , 45, 19
2020/9/22, , 23, 21
2020/9/23, , 30, 14
2020/9/24, , 28, 13
2020/9/25, , 13, 9
2020/9/26, , 10, 6
2020/9/27, , 6, 8
2020/9/28, , 9, 11
2020/9/29, , 12, 14
2020/9/30, , 19, 11
2020/4/1, , 10, 5
2020/4/2, , 14, 4
2020/4/3, , 14, 5
2020/4/4, , 12, 4
2020/4/5, , 20, 9
2020/4/6, , 30, 8
2020/4/7, , 24, 9
2020/4/8, , 22, 14
2020/4/9, , 23, 4
2020/4/10, , 11, 5
2020/4/11, , 19, 7
2020/4/12, , 20, 3
2020/4/13, , 11, 3
2020/4/14, , 11, 4
2020/4/15, , 16, 6
2020/4/16, , 19, 4
2020/4/17, , 16, 2
2020/4/18, , 12, 1
2020/4/19, , 9, 2
2020/4/20, , 9, 3
2020/4/21, , 17, 3
2020/4/22, , 16, 8
2020/4/23, , 21, 16
2020/4/24, , 30, 1
2020/4/25, , 10, 6
2020/4/26, , 11, 13
2020/4/27, , 25, 12
2020/4/28, , 28, 6
2020/4/29, , 15, 7
2020/4/30, , 10, 2
2020/5/1, , 6, 4
2020/5/2, , 9, 3
2020/5/3, , 10, 14
2020/5/4, , 14, 5
2020/5/5, , 7, 5
2020/5/6, , 8, 5
2020/5/7, , 15, 11
2020/5/8, , 20, 7
2020/5/9, , 13, 3
2020/5/10, , 15, 5
2020/5/11, , 9, 5
2020/5/12, , 9, 7
2020/5/13, , 11, 5
2020/5/14, , 8, 8
2020/5/15, , 10, 4
2020/5/16, , 9, 3
2020/5/17, , 8, 5
2020/5/18, , 11, 6
2020/5/19, , 15, 5
2020/5/20, , 11, 2
2020/5/21, , 10, 4
2020/5/22, , 17, 4
2020/5/23, , 17, 2
2020/5/24, , 11, 4
2020/5/25, , 9, 4
2020/5/26, , 11, 8
2020/5/27, , 12, 3
2020/5/28, , 10, 2
2020/5/29, , 8, 2
2020/5/30, , 8, 1
2020/5/31, , 10, 1
2020/6/1, , 10, 4
2020/6/2, , 10, 3
2020/6/3, , 12, 5
2020/6/4, , 17, 4
2020/6/5, , 11, 3
2020/6/6, , 7, 5
2020/6/7, , 8, 5
2020/6/8, , 9, 4
2020/6/9, , 10, 3
2020/6/10, , 10, 6
2020/6/11, , 21, 3
2020/6/12, , 14, 3
2020/6/13, , 22, 1
2020/6/14, , 16, 2
2020/6/15, , 14, 5
2020/6/16, , 13, 7
2020/6/17, , 15, 3
2020/6/18, , 16, 4
2020/6/19, , 15, 3
2020/6/20, , 11, 2
2020/6/21, , 9, 6
2020/6/22, , 10, 3
2020/6/23, , 9, 4
2020/6/24, , 12, 3
2020/6/25, , 17, 5
2020/6/26, , 19, 5
2020/6/27, , 17, 5
2020/6/28, , 14, 5
2020/6/29, , 9, 4
2020/6/30, , 13, 5
2020/1/1, , 38, 20
2020/1/2, , 22, 10
2020/1/3, , 13, 5
2020/1/4, , 9, 11
2020/1/5, , 13, 12
2020/1/6, , 15, 14
2020/1/7, , 19, 12
2020/1/8, , 13, 11
2020/1/9, , 12, 8
2020/1/10, , 11, 6
2020/1/11, , 8, 7
2020/1/12, , 13, 11
2020/1/13, , 13, 12
2020/1/14, , 13, 10
2020/1/15, , 11, 18
2020/1/16, , 14, 14
2020/1/17, , 26, 9
2020/1/18, , 13, 7
2020/1/19, , 17, 15
2020/1/20, , 17, 15
2020/1/21, , 16, 12
2020/1/22, , 18, 15
2020/1/23, , 16, 16
2020/1/24, , 28, 10
2020/1/25, , 17, 9
2020/1/26, , 21, 13
2020/1/27, , 26, 8
2020/1/28, , 10, 7
2020/1/29, , 10, 9
2020/1/30, , 10, 8
2020/1/31, , 10, 6
2020/2/1, , 6, 5
2020/2/2, , 8, 9
2020/2/3, , 8, 7
2020/2/4, , 9, 7
2020/2/5, , 6, 10
2020/2/6, , 14, 13
2020/2/7, , 17, 11
2020/2/8, , 18, 6
2020/2/9, , 16, 5
2020/2/10, , 7, 5
2020/2/11, , 8, 6
2020/2/12, , 9, 9
2020/2/13, , 11, 14
2020/2/14, , 19, 11
2020/2/15, , 17, 5
2020/2/16, , 9, 5
2020/2/17, , 7, 7
2020/2/18, , 7, 7
2020/2/19, , 8, 9
2020/2/20, , 13, 7
2020/2/21, , 9, 4
2020/2/22, , 8, 5
2020/2/23, , 6, 6
2020/2/24, , 10, 7
2020/2/25, , 8, 11
2020/2/26, , 10, 11
2020/2/27, , 11, 10
2020/2/28, , 12, 5
2020/2/29, , 16, 5
2020/3/1, , 6, 10
2020/3/2, , 10, 10
2020/3/3, , 10, 12
2020/3/4, , 17, 11
2020/3/5, , 16, 11
2020/3/6, , 17, 7
2020/3/7, , 20, 9
2020/3/8, , 19, 14
2020/3/9, , 15, 8
2020/3/10, , 9, 8
2020/3/11, , 9, 6
2020/3/12, , 8, 5
2020/3/13, , 9, 9
2020/3/14, , 12, 6
2020/3/15, , 11, 14
2020/3/16, , 17, 14
2020/3/17, , 22, 12
2020/3/18, , 20, 9
2020/3/19, , 18, 4
2020/3/20, , 12, 1
2020/3/21, , 8, 2
2020/3/22, , 6, 5
2020/3/23, , 11, 7
2020/3/24, , 19, 5
2020/3/25, , 25, 5
2020/3/26, , 30, 5
2020/3/27, , 42, 5
2020/3/28, , 45, 2
2020/3/29, , 13, 8
2020/3/30, , 9, 4
2020/3/31, , 8, 7
2019/10/1, , 8, 8
2019/10/2, , 8, 6
2019/10/3, , 6, 10
2019/10/4, , 9, 4
2019/10/5, , 9, 7
2019/10/6, , 9, 21
2019/10/7, , 11, 13
2019/10/8, , 15, 11
2019/10/9, , 11, 9
2019/10/10, , 10, 10
2019/10/11, , 10, 13
2019/10/12, , 10, 14
2019/10/13, , 15, 12
2019/10/14, , 17, 17
2019/10/15, , 22, 13
2019/10/16, , 29, 12
2019/10/17, , 12, 11
2019/10/18, , 12, 12
2019/10/19, , 9, 15
2019/10/20, , 16, 16
2019/10/21, , 22, 16
2019/10/22, , 26, 14
2019/10/23, , 20, 10
2019/10/24, , 34, 14
2019/10/25, , 36, 8
2019/10/26, , 14, 7
2019/10/27, , 12, 
2019/11/28, , 8, 7
2019/11/29, , 8, 13
2019/11/30, , 12, 12
2019/12/1, , 20, 12
2019/12/2, , 14, 16
2019/12/3, , 14, 15
2019/12/4, , 20, 18
2019/12/5, , 26, 16
2019/12/6, , 22, 8
2019/12/7, , 8, 6
2019/12/8, , 8, 10
2019/12/9, , 9, 14
2019/12/10, , 14, 13
2019/12/11, , 15, 15
2019/12/12, , 18, 13
2019/12/13, , 24, 10
2019/12/14, , 11, 7
2019/12/15, , 7, 20
2019/12/16, , 15, 18
2019/12/17, , 20, 18
2019/12/18, , 15, 14
2019/12/19, , 26, 16
2019/12/20, , 26, 16
2019/12/21, , 18, 11
2019/12/22, , 22, 10
2019/12/23, , 12, 8
2019/12/24, , 12, 6
2019/12/25, , 9, 7
2019/12/26, , 8, 8
2019/12/27, , 8, 8
2019/12/28, , 6, 13
2019/12/29, , 13, 
2019/7/1, , 17, 5
2019/7/2, , 18, 5
2019/7/3, , 15, 6
2019/7/4, , 12, 6
2019/7/5, , 13, 7
2019/7/6, , 12, 3
2019/7/7, , 11, 7
2019/7/8, , 9, 6
2019/7/9, , 7, 6
2019/7/10, , 7, 12
2019/7/11, , 13, 7
2019/7/12, , 15, 8
2019/7/13, , 13, 6
2019/7/15, , 14, 7
2019/7/16, , 12, 7
2019/7/17, , 11, 7
2019/7/18, , 13, 12
2019/7/19, , 18, 12
2019/7/20, , 18, 5
2019/7/21, , 15, 9
2019/7/22, , 14, 8
2019/7/23, , 17, 7
2019/7/24, , 16, 7
2019/7/25, , 19, 3
2019/7/26, , 16, 3
2019/7/27, , 18, 4
2019/7/28, , 20, 11
2019/7/29, , 20, 7
2019/7/30, , 22, 8
2019/7/31, , 19, 9
2019/8/1, , 14, 11
2019/8/2, , 12, 7
2019/8/3, , 13, 6
2019/8/4, , 10, 12
2019/8/5, , 12, 10
2019/8/6, , 16, 14
2019/8/7, , 15, 9
2019/8/8, , 15, 12
2019/8/9, , 14, 8
2019/8/10, , 13, 11
2019/8/11, , 11, 8
2019/8/12, , 13, 7
2019/8/13, , 13, 12
2019/8/14, , 10, 13
2019/8/15, , 17, 10
2019/8/16, , 15, 11
2019/8/17, , 17, 7
2019/8/18, , 12, 12
2019/8/19, , 10, 19
2019/8/20, , 16, 11
2019/8/21, , 14, 16
2019/8/22, , 16, 13
2019/8/23, , 19, 7
2019/8/24, , 19, 5
2019/8/25, , 16, 10
2019/8/26, , 18, 10
2019/8/27, , 24, 14
2019/8/28, , 27, 11
2019/8/29, , 26, 6
2019/8/30, , 18, 8
2019/8/31, , 21, 7
2019/9/1, , 21, 6
2019/9/2, , 13, 12
2019/9/3, , 13, 10
2019/9/4, , 19, 7
2019/9/5, , 18, 11
2019/9/6, , 14, 14
2019/9/7, , 19, 5
2019/9/8, , 13, 8
2019/9/9, , 9, 9
2019/9/10, , 9, 15
2019/9/11, , 13, 12
2019/9/12, , 13, 10
2019/9/13, , 13, 12
2019/9/14, , 12, 13
2019/9/15, , 16, 10
2019/9/16, , 14, 7
2019/9/17, , 14, 6
2019/9/18, , 10, 10
2019/9/19, , 10, 11
2019/9/20, , 11, 20
2019/9/21, , 13, 9
2019/9/22, , 21, 12
2019/9/23, , 18, 13
2019/9/24, , 28, 14
2019/9/25, , 25, 14
2019/9/26, , 15, 14
2019/9/27, , 11, 10
2019/9/28, , 11, 6
2019/9/29, , 8, 5
2019/9/30, , 7, 9
2019/4/1, , 12, 9
2019/4/2, , 12, 12
2019/4/3, , 20, 11
2019/4/11, , 11, 4
2019/4/12, , 10, 4
2019/4/13, , 14, 3
2019/4/14, , 18, 6
2019/4/15, , 17, 7
2019/4/16, , 19, 7
2019/4/17, , 25, 9
2019/4/18, , 25, 4
2019/4/19, , 27, 6
2019/4/20, , 22, 5
2019/4/21, , 18, 3
2019/4/22, , 16, 4
2019/4/23, , 27, 5
2019/4/24, , 31, 9
2019/4/25, , 29, 10
2019/4/26, , 24, 7
2019/4/27, , 23, 6
2019/4/28, , 13, 7
2019/4/29, , 11, 8
2019/4/30, , 15, 14
2019/5/1, , 14, 8
2019/5/2, , 17, 7
2019/5/3, , 16, 7
2019/5/4, , 16, 8
2019/5/5, , 16, 9
2019/5/6, , 11, 9
2019/5/7, , 11, 12
2019/5/8, , 15, 8
2019/5/9, , 16, 11
2019/5/10, , 12, 6
2019/5/11, , 13, 4
2019/5/12, , 10, 7
2019/5/13, , 9, 4
2019/5/14, , 9, 5
2019/5/15, , 9, 9
2019/5/16, , 8, 10
2019/5/17, , 15, 12
2019/5/18, , 17, 10
2019/5/19, , 18, 5
2019/5/20, , 18, 10
2019/5/21, , 17, 7
2019/5/22, , 13, 7
2019/5/23, , 12, 13
2019/5/24, , 13, 5
2019/5/25, , 13, 8
2019/5/26, , 11, 9
2019/5/27, , 12, 8
2019/5/28, , 14, 5
2019/5/29, , 10, 7
2019/5/30, , 10, 8
2019/5/31, , 12, 11
2019/6/1, , 16, 7
2019/6/2, , 18, 9
2019/6/3, , 18, 7
2019/6/4, , 18, 7
2019/6/5, , 22, 8
2019/6/6, , 24, 6
2019/6/7, , 16, 6
2019/6/8, , 14, 5
2019/6/9, , 12, 5
2019/6/10, , 13, 7
2019/6/11, , 24, 7
2019/6/12, , 30, 8
2019/6/13, , 17, 8
2019/6/14, , 13, 6
2019/6/15, , 19, 6
2019/6/16, , 14, 10
2019/6/17, , 13, 7
2019/6/18, , 16, 8
2019/6/19, , 19, 9
2019/6/20, , 19, 7
2019/6/21, , 14, 3
2019/6/22, , 13, 2
2019/6/23, , 10, 5
2019/6/24, , 11, 11
2019/6/25, , 17, 12
2019/6/26, , 27, 5
2019/6/27, , 20, 5
2019/6/28, , 14, 14
2019/6/29, , 14, 14
2019/6/30, , 21, 7
2019/1/1, , 17, 4
2019/1/2, , 10, 15
2019/1/3, , 8, 12
2019/1/4, , 12, 7
2019/1/5, , 10, 8
2019/1/6, , 8, 15
2019/1/7, , 12, 8
2019/1/8, , 10, 6
2019/1/9, , 5, 9
2019/1/10, , 5, 13
2019/1/11, , 11, 7
2019/1/12, , 15, 6
2019/1/13, , 8, 7
2019/1/14, , 9, 10
2019/1/15, , 13, 11
2019/1/16, , 16, 11
2019/1/17, , 14, 11
2019/1/18, , 9, 15
2019/1/19, , 14, 11
2019/1/20, , 32, 17
2019/1/21, , 34, 17
2019/1/22, , 41, 11
2019/1/23, , 48, 7
2019/1/24, , 43, 12
2019/1/25, , 35, 16
2019/1/26, , 30, 9
2019/1/27, , 17, 12
2019/1/28, , 11, 14
2019/1/29, , 12, 12
2019/1/30, , 18, 16
2019/1/31, , 27, 15
2019/2/1, , 38, 11
2019/2/2, , 44, 8
2019/2/3, , 35, 14
2019/2/4, , 20, 14
2019/2/5, , 18, 12
2019/2/6, , 20, 17
2019/2/7, , 20, 11
2019/2/8, , 19, 6
2019/2/9, , 13, 7
2019/2/10, , 8, 8
2019/2/11, , 7, 10
2019/2/12, , 8, 14
2019/2/13, , 19, 18
2019/2/14, , 26, 29
2019/2/15, , 28, 21
2019/2/16, , 30, 24
2019/2/17, , 26, 27
2019/2/18, , 35, 16
2019/2/19, , 35, 11
2019/2/20, , 20, 14
2019/2/21, , 23, 5
2019/2/22, , 17, 13
2019/2/23, , 12, 25
2019/2/24, , 21, 26
2019/2/25, , 25, 20
2019/2/26, , 34, 26
2019/2/27, , 46, 16
2019/2/28, , 35, 11
2019/3/1, , 43, 9
2019/3/2, , 24, 6
2019/3/3, , 18, 8
2019/3/4, , 11, 6
2019/3/5, , 11, 11
2019/3/6, , 14, 12
2019/3/7, , 14, 5
2019/3/8, , 9, 6
2019/3/9, , 10, 5
2019/3/10, , 9, 10
2019/3/11, , 9, 8
2019/3/12, , 10, 6
2019/3/13, , 10, 8
2019/3/14, , 8, 7
2019/3/15, , 9, 7
2019/3/16, , 9, 5
2019/3/17, , 9, 8
2019/3/18, , 7, 10
2019/3/19, , 10, 15
2019/3/20, , 14, 14
2019/3/21, , 22, 12
2019/3/22, , 26, 9
2019/3/23, , 30, 7
2019/3/24, , 22, 9
2019/3/25, , 11, 10
2019/3/26, , 10, 11
2019/3/27, , 10, 11
2019/3/28, , 11, 14
2019/3/29, , 14, 18
2019/3/30, , 19, 7
2019/3/31, , 22, 9
2018/10/1, , 28, 9
2018/10/2, , 15, 4
2018/10/3, , 14, 15
2018/10/4, , 13, 16
2018/10/5, , 18, 23
2018/10/6, , 24, 9
2018/10/7, , 24, 19
2018/10/8, , 13, 25
2018/10/9, , 27, 15
2018/10/10, , 39, 13
2018/10/11, , 40, 22
2018/10/12, , 45, 16
2018/10/13, , 46, 9
2018/10/14, , 42, 16
2018/10/15, , 44, 30
2018/10/16, , 54, 35
2018/10/17, , 62, 24
2018/10/18, , 65, 11
2018/10/19, , 33, 16
2018/10/20, , 21, 16
2018/10/21, , 22, 17
2018/10/22, , 23, 9
2018/10/23, , 15, 8
2018/10/24, , 10, 8
2018/10/25, , 9, 12
2018/10/26, , 11, 7
2018/10/27, , 14, 3
2018/10/28, , 7, 4
2018/10/29, , 7, 9
2018/10/30, , 20, 12
2018/10/31, , 15, 17
2018/11/1, , 22, 19
2018/11/2, , 26, 15
2018/11/3, , 20, 8
2018/11/4, , 28, 14
2018/11/5, , 41, 16
2018/11/6, , 37, 19
2018/11/7, , 37, 19
2018/11/8, , 43, 13
2018/11/9, , 27, 11
2018/11/10, , 33, 14
2018/11/11, , 35, 14
2018/11/12, , 25, 17
2018/11/13, , 21, 16
2018/11/14, , 18, 15
2018/11/15, , 27, 10
2018/11/16, , 24, 8
2018/11/17, , 26, 11
2018/11/18, , 34, 5
2018/11/19, , 17, 7
2018/11/20, , 17, 7
2018/11/21, , 28, 7
2018/11/22, , 32, 9
2018/11/23, , 36, 10
2018/11/24, , 44, 8
2018/11/25, , 42, 7
2018/11/26, , 35, 18
2018/11/27, , 26, 14
2018/11/28, , 26, 12
2018/11/29, , 31, 12
2018/11/30, , 29, 17
2018/12/1, , 28, 10
2018/12/2, , 29, 15
2018/12/3, , 11, 10
2018/12/4, , 12, 19
2018/12/5, , 15, 16
2018/12/6, , 22, 13
2018/12/7, , 15, 6
2018/12/8, , 9, 5
2018/12/9, , 6, 8
2018/12/10, , 8, 8
2018/12/11, , 8, 13
2018/12/12, , 8, 9
2018/12/13, , 18, 9
2018/12/14, , 20, 6
2018/12/15, , 21, 8
2018/12/16, , 25, 15
2018/12/17, , 29, 17
2018/12/18, , 30, 15
2018/12/19, , 25, 15
2018/12/20, , 28, 13
2018/12/21, , 22, 7
2018/12/22, , 9, 9
2018/12/23, , 11, 6
2018/12/24, , 13, 7
2018/12/25, , 13, 6
2018/12/26, , 14, 8
2018/12/27, , 17, 8
2018/12/30, , 10, 
2018/7/1, , 6, 6
2018/7/2, , 7, 10
2018/7/3, , 9, 13
2018/7/4, , 13, 12
2018/7/5, , 17, 6
2018/7/6, , 14, 4
2018/7/7, , 14, 3
2018/7/8, , 14, 6
2018/7/9, , 14, 6
2018/7/10, , 16, 9
2018/7/11, , 14, 9
2018/7/12, , 11, 10
2018/7/13, , 15, 5
2018/7/14, , 16, 5
2018/7/15, , 10, 6
2018/7/16, , 11, 8
2018/7/17, , 14, 7
2018/7/18, , 16, 8
2018/7/19, , 16, 12
2018/7/20, , 16, 5
2018/7/21, , 15, 8
2018/7/22, , 16, 7
2018/7/23, , 17, 8
2018/7/24, , 14, 7
2018/7/25, , 14, 5
2018/7/26, , 14, 5
2018/7/27, , 16, 6
2018/7/28, , 16, 6
2018/7/29, , 14, 7
2018/7/30, , 14, 8
2018/7/31, , 15, 9
2018/8/1, , 21, 5
2018/8/2, , 20, 5
2018/8/3, , 13, 7
2018/8/4, , 15, 4
2018/8/5, , 11, 9
2018/8/6, , 10, 9
2018/8/7, , 14, 12
2018/8/8, , 18, 6
2018/8/9, , 22, 8
2018/8/10, , 16, 8
2018/8/11, , 10, 9
2018/8/12, , 11, 10
2018/8/13, , 15, 7
2018/8/14, , 14, 7
2018/8/15, , 10, 15
2018/8/16, , 15, 11
2018/8/17, , 19, 7
2018/8/18, , 14, 14
2018/8/19, , 15, 13
2018/8/20, , 16, 6
2018/8/21, , 10, 10
2018/8/22, , 13, 18
2018/8/23, , 24, 11
2018/8/24, , 24, 9
2018/8/25, , 14, 7
2018/8/26, , 9, 10
2018/8/27, , 10, 9
2018/8/28, , 12, 10
2018/8/29, , 14, 13
2018/8/30, , 17, 9
2018/8/31, , 10, 10
2018/9/1, , 8, 4
2018/9/2, , 8, 5
2018/9/3, , 9, 6
2018/9/4, , 10, 5
2018/9/5, , 10, 6
2018/9/6, , 11, 14
2018/9/7, , 12, 10
2018/9/8, , 10, 15
2018/9/9, , 14, 22
2018/9/10, , 9, 14
2018/9/11, , 8, 10
2018/9/12, , 9, 9
2018/9/13, , 10, 12
2018/9/14, , 13, 10
2018/9/15, , 19, 12
2018/9/16, , 14, 27
2018/9/17, , 25, 25
2018/9/18, , 42, 22
2018/9/19, , 49, 24
2018/9/20, , 53, 22
2018/9/21, , 53, 26
2018/9/22, , 50, 14
2018/9/23, , 51, 8
2018/9/24, , 13, 11
2018/9/25, , 11, 15
2018/9/26, , 12, 16
2018/9/27, , 15, 11
2018/9/28, , 16, 13
2018/9/29, , 12, 18
2018/9/30, , 17, 20
2018/5/14, , 26, 8
2018/5/15, , 27, 8
2018/5/16, , 23, 9
2018/5/17, , 23, 10
2018/5/18, , 27, 4
2018/5/19, , 24, 3
2018/5/20, , 14, 4
2018/5/21, , 13, 7
2018/5/22, , 17, 5
2018/5/23, , 17, 6
2018/5/24, , 16, 5
2018/5/25, , 25, 6
2018/5/26, , 23, 4
2018/5/27, , 26, 7
2018/5/28, , 25, 5
2018/5/29, , 25, 10
2018/5/30, , 26, 8
2018/5/31, , 27, 11
2018/6/1, , 28, 10
2018/6/2, , 29, 5
2018/6/3, , 27, 9
2018/6/4, , 22, 6
2018/6/5, , 22, 4
2018/6/6, , 18, 6
2018/6/7, , 16, 8
2018/6/8, , 19, 5
2018/6/9, , 18, 10
2018/6/10, , 22, 8
2018/6/11, , 22, 5
2018/6/12, , 16, 8
2018/6/13, , 14, 8
2018/6/14, , 13, 14
2018/6/15, , 20, 11
2018/6/16, , 20, 7
2018/6/17, , 22, 12
2018/6/18, , 18, 9
2018/6/19, , 18, 10
2018/6/20, , 16, 12
2018/6/21, , 18, 7
2018/6/22, , 13, 11
2018/6/23, , 14, 7
2018/6/24, , 12, 10
2018/6/25, , 12, 7
2018/6/26, , 18, 4
2018/6/27, , 11, 5
2018/6/28, , 12, 6
2018/6/29, , 13, 2
2018/6/30, , 9, 2
2021/7/23, , , 6
2021/7/29, , , 5
2019/12/31, , , 11
2019/11/27, , , 8
2019/7/14, , , 8
2019/4/4, , , 12
2019/4/5, , , 7
2019/4/6, , , 4
2019/4/7, , , 10
2019/4/8, , , 5
2019/4/9, , , 6
2019/4/10, , , 5
2018/12/31, , , 8
2018/12/28, , , 14
2018/12/29, , , 6
2018/5/13, , , 5